hours_direct_sunlight_per_day,mm_growth_per_day
5.93,7.4
9.12,11.5
8.21,10.3
7.43,10.2
5.49,8.0
6.19,7.6
9.27,10.5
4.68,6.0
7.94,8.4
5.14,6.7
7.03,9.5
7.47,8.6
6.42,8.6
8.15,9.4
5.91,8.1
6.2,7.3
7.4,9.2
9.27,9.9
9.42,10.7
6.08,7.3
8.37,9.9
6.59,8.2
7.53,9.0
5.34,8.5
7.95,9.4
8.61,9.9
7.68,8.3
10.25,12.4
7.13,9.7
6.41,8.0
6.25,9.7
5.38,8.0
7.89,10.7
10.48,13.8
6.38,9.3
6.84,10.0
9.17,11.4
4.71,5.5
6.29,9.1
5.26,6.1
7.36,8.2
5.83,10.3
7.72,8.6
5.23,7.7
6.57,8.8
10.31,13.3
7.3,7.9
9.66,11.1
6.67,6.8
5.41,6.9
7.25,9.0
5.06,5.9
9.43,10.3
8.9,8.9
8.9,10.8
6.19,9.4
7.41,9.3
6.98,8.6
6.34,9.5
5.81,8.0
6.71,9.2
4.42,7.7
6.71,8.1
6.9,10.0
6.85,7.2
7.58,11.0
6.77,11.1
5.83,7.8
6.95,8.3
9.04,10.7
7.37,10.8
7.94,10.1
8.14,12.4
7.62,8.2
5.35,7.4
5.66,8.2
7.12,10.1
7.56,9.2
7.42,8.5
8.21,10.3
6.43,6.2
4.41,6.0
6.32,9.0
7.74,8.6
7.07,7.7
7.22,11.1
8.97,11.2
10.14,10.8
6.89,7.7
7.98,8.6
5.75,6.0
8.0,10.2
6.12,9.1
5.85,7.7
6.57,9.3
7.6,9.6
4.57,6.6
6.86,10.2
7.38,9.4
4.52,6.9
8.61,11.0
5.11,5.9
2.77,3.5
8.21,9.7
9.0,12.4
7.2,9.7
7.28,10.4
7.23,9.4
7.31,9.9
8.89,12.3
6.77,9.6
7.35,9.6
7.43,9.6
7.96,8.0
7.85,9.0
7.85,10.9
4.53,7.0
9.48,12.2
6.64,9.7
3.87,5.1
5.98,8.5
8.11,9.7
7.38,9.6
8.53,10.1
8.03,9.7
10.61,13.9
5.24,8.1
7.47,10.1
7.54,11.6
5.73,8.3
7.1,8.2
4.17,6.6
6.26,7.9
10.17,11.5
10.34,12.5
5.76,6.7
8.36,10.2
7.54,7.5
8.05,10.4
4.64,7.4
7.76,8.7
5.53,9.2
7.33,10.1
6.31,8.2
6.34,7.7
6.29,7.7
4.88,7.6
4.5,7.5
7.74,8.7
6.64,8.8
7.51,9.8
4.37,6.3
7.54,7.9
7.05,11.0
11.31,12.9
5.35,7.8
7.58,10.1
7.08,8.4
9.19,10.1
6.3,8.8
6.6,7.8
5.03,8.3
6.55,8.3
7.44,7.9
4.94,6.9
4.54,5.6
5.27,8.5
6.19,8.5
7.06,8.6
8.88,11.4
10.0,9.8
7.82,10.2
6.64,9.3
5.57,6.9
8.72,11.4
5.74,7.2
5.42,6.0
5.34,7.4
5.68,7.8
3.93,7.1
8.64,10.3
6.0,8.4
8.18,9.1
9.48,11.5
7.95,10.7
7.67,6.8
10.15,12.0
4.68,7.2
7.37,9.3
5.06,8.6
7.59,7.8
7.88,9.8
5.36,4.9
7.82,9.8
6.37,7.1
6.11,9.5
5.99,7.2
7.19,10.1
4.93,6.3
7.17,11.8
6.91,8.8
7.8,11.8
8.92,12.7
8.09,13.2
6.98,10.6
5.07,6.5
7.4,8.6
7.08,8.1
7.51,9.4
7.95,9.9
7.67,9.5
7.0,9.2
6.71,9.5
6.01,7.4
5.86,9.6
10.32,13.3
4.01,6.6
5.17,7.2
9.78,15.5
8.06,10.1
7.02,8.3
7.13,8.1
6.95,8.7
5.75,8.3
8.29,10.3
6.35,5.8
6.45,7.3
5.37,7.3
8.0,9.8
5.17,5.5
8.12,10.1
3.35,5.3
6.29,9.2
7.2,9.8
4.62,6.2
6.48,6.5
6.03,7.7
6.33,9.0
5.13,8.4
6.12,8.7
8.15,9.1
8.44,11.2
5.43,8.2
7.12,9.9
9.17,10.9
5.31,7.5
7.45,9.9
6.18,5.6
9.12,10.9
4.93,6.1
4.38,6.3
6.91,9.6
6.96,10.4
5.83,7.2
6.55,10.3
8.04,8.5
6.4,8.3
5.76,6.4
5.66,9.5
4.72,6.4
4.32,7.1
8.38,8.1
8.55,10.9
6.27,9.4
7.08,9.8
9.41,11.7
8.12,8.9
9.25,10.4
5.88,7.9
5.09,4.8
5.59,8.1
6.67,9.7
6.1,9.6
7.38,10.4
5.93,6.3
7.52,9.8
6.74,9.7
9.32,10.9
8.42,9.4
8.7,9.6
8.99,9.3
6.41,8.2
4.17,5.2
9.01,9.4
7.11,9.6
7.6,9.9
7.82,8.9
4.43,6.5
4.66,7.7
5.67,7.2
8.45,9.2
4.34,6.8
10.83,13.8
9.73,11.5
8.22,11.9
8.35,11.5
7.04,6.4
5.79,5.9
10.47,12.1
6.58,7.3
5.66,8.6
4.79,7.1
4.51,7.4
6.0,9.3
9.95,11.4
7.16,10.1
8.41,11.5
8.46,10.1
5.4,7.0
6.54,8.4
5.06,5.5
6.15,7.0
7.09,10.9
7.04,8.9
5.61,7.2
6.06,8.5
8.02,9.6
6.29,7.5
5.74,7.6
7.02,7.9
8.1,9.9
8.47,10.7
6.74,8.2
6.34,7.9
9.87,11.6
6.0,5.9
5.46,6.8
9.08,10.3
7.62,10.1
6.73,9.5
6.45,8.7
6.02,7.3
5.75,6.9
8.42,9.6
9.26,10.5
6.65,9.9
7.6,10.0
5.74,8.2
7.38,8.2
7.16,9.6
5.49,6.3
5.28,6.7
8.17,9.5
5.31,6.8
5.59,6.5
8.45,9.0
6.97,10.1
6.9,10.5
5.82,10.1
7.45,9.1
8.32,9.8
8.02,10.6
10.86,12.5
4.15,5.5
6.99,8.7
6.78,7.7
6.09,8.0
5.98,7.7
7.2,8.3
5.82,8.1
8.47,12.1
4.82,8.1
7.05,8.0
8.1,9.4
7.48,9.2
6.57,8.7
6.64,9.8
2.97,6.6
9.5,11.8
5.34,8.0
5.58,7.7
8.08,11.0
4.14,6.3
3.34,7.1
9.06,12.2
6.84,9.9
8.01,10.8
6.54,8.2
7.03,8.2
6.56,9.0
7.32,8.7
4.85,7.3
7.21,9.7
5.21,9.3
8.04,11.1
10.19,12.8
9.46,12.7
8.64,9.0
5.3,8.1
6.63,8.8
6.24,9.9
4.15,5.8
7.44,8.1
7.75,10.3
5.13,6.9
5.99,6.8
8.47,10.4
4.82,7.4
4.84,7.8
7.35,10.1
6.01,8.0
4.59,7.9
9.13,11.2
5.28,7.7
9.58,10.5
7.38,7.9
6.02,7.8
9.24,11.9
8.12,10.0
6.96,10.1
7.92,8.9
8.8,10.6
7.74,9.5
5.12,8.0
7.17,9.1
7.2,10.2
6.34,9.4
8.78,10.3
6.75,8.7
9.55,10.5
6.63,8.3
7.92,9.5
7.69,10.7
10.07,11.8
8.21,10.4
5.4,8.7
5.57,4.5
5.26,8.9
6.41,8.8
6.51,8.7
5.88,8.5
8.1,10.6
5.35,8.5
4.66,5.9
5.46,9.3
9.42,12.9
4.85,6.6
7.65,10.4
5.83,8.7
8.63,10.2
7.08,8.0
8.67,12.1
6.94,10.2
6.58,9.4
3.95,5.8
4.99,6.6
7.3,11.0
6.78,9.0
7.42,8.1
4.28,6.9
6.61,9.2
6.0,9.4
7.58,8.5
7.99,11.1
6.9,7.1
6.77,9.1
7.28,9.3
6.59,8.6
6.35,7.8
7.19,9.9
6.79,8.6
8.56,9.7
7.22,9.1
6.4,8.5
9.13,11.0
5.96,8.0
7.86,9.9
6.05,7.4
9.07,11.8
7.09,7.7
7.44,10.6
6.46,10.0
4.57,5.9
5.35,7.8
5.69,7.4
8.85,9.9
8.59,11.9
8.54,10.5
6.23,10.4
6.44,8.4
5.94,6.7
7.42,8.4
7.68,9.7
4.72,7.6
5.61,6.0
6.15,5.6
2.29,3.3
8.36,9.1
8.42,9.7
7.39,10.7
7.81,11.0
8.72,10.2
5.42,9.5
7.69,11.4
9.01,10.6
10.77,13.6
6.6,8.0
7.81,12.9
7.56,10.1
7.44,9.6
8.51,10.4
6.64,8.0
7.74,9.2
4.27,6.7
6.97,9.2
7.75,8.7
9.04,10.4
7.18,10.2
4.71,5.3
7.88,9.6
5.55,7.8
4.05,6.5
5.64,8.9
4.66,5.7
6.19,8.6
6.04,9.5
6.36,7.1
8.78,9.3
5.95,7.6
6.18,9.1
6.85,7.8
5.95,7.9
6.14,8.1
6.1,7.2
3.02,3.3
5.84,7.7
7.14,8.1
6.02,7.0
5.7,7.4
4.65,6.3
5.26,6.6
6.22,7.8
8.38,11.0
6.48,8.7
9.27,11.9
6.94,9.7
8.87,10.9
5.71,8.7
7.84,7.3
9.42,10.8
7.54,7.2
7.97,10.3
7.18,8.8
7.8,9.0
7.41,8.3
6.82,8.4
7.39,10.3
5.8,9.0
9.1,11.5
7.16,9.9
7.55,9.6
8.36,11.6
6.84,8.7
5.66,8.1
5.96,7.3
4.48,5.2
7.56,11.4
8.58,9.6
9.31,11.4
7.36,8.5
5.84,7.4
8.3,7.2
9.9,11.6
4.93,8.9
8.2,9.1
10.17,12.4
4.01,5.3
8.21,9.3
6.47,7.9
5.36,6.5
7.01,10.2
7.66,10.1
8.29,9.8
7.48,10.4
7.28,8.1
8.76,13.6
6.79,9.0
3.55,6.1
6.01,6.9
6.76,9.5
7.46,8.9
9.73,11.7
6.89,7.5
4.79,6.3
5.86,8.5
8.56,11.2
6.86,8.8
4.98,6.3
5.57,8.4
9.07,12.5
8.28,10.3
6.55,8.1
9.65,11.2
7.93,9.3
7.08,8.8
7.82,10.2
7.15,7.6
5.4,5.7
8.73,11.6
9.4,11.6
3.99,5.1
5.63,7.4
7.26,10.5
6.44,9.4
5.55,8.6
5.04,7.3
7.32,10.5
6.33,7.7
9.65,10.9
8.95,12.0
8.63,9.3
7.56,8.5
6.44,7.1
6.52,7.8
8.37,10.7
6.95,8.9
6.94,9.0
6.38,7.9
3.92,7.2
9.1,10.4
6.48,7.2
6.77,7.4
6.89,8.8
4.58,7.8
7.33,7.4
6.52,7.4
7.18,10.2
5.43,8.4
7.07,8.0
8.75,10.6
5.4,7.9
4.3,5.3
7.38,11.3
4.32,6.2
6.24,8.8
6.61,8.0
6.97,8.0
7.85,8.8
6.38,9.4
4.29,6.0
7.62,9.0
3.67,5.0
6.25,6.4
9.33,11.9
7.14,8.7
7.09,9.4
7.41,10.1
5.39,5.1
7.04,9.4
7.31,9.7
6.58,8.7
5.07,5.5
8.33,10.3
9.63,10.5
6.37,8.0
5.67,9.2
7.3,9.4
5.57,7.0
6.88,8.0
5.18,6.9
6.11,6.2
6.8,9.2
6.36,11.0
8.18,11.0
7.6,9.3
5.87,7.8
7.48,8.6
5.91,8.2
6.6,9.0
4.0,6.7
8.32,8.7
6.69,7.0
6.55,7.3
7.9,10.7
4.25,5.8
7.64,9.3
6.44,8.8
6.95,8.6
5.81,9.4
8.19,11.2
8.21,10.0
6.05,6.9
8.42,12.0
6.73,8.5
6.0,7.9
9.53,13.3
8.17,11.5
8.5,9.4
5.08,8.4
7.56,10.6
5.83,7.6
4.74,6.5
5.71,7.3
7.38,10.1
4.5,6.0
7.27,9.2
8.93,10.9
7.62,11.1
3.46,5.2
6.5,7.9
8.37,12.9
6.57,8.8
5.92,7.7
7.13,9.3
8.37,10.8
6.13,6.9
4.24,4.9
7.74,8.4
11.32,11.1
8.04,10.6
7.32,10.7
9.14,12.5
6.27,9.6
4.99,7.1
9.0,11.0
6.72,11.3
4.21,5.0
6.94,8.2
5.72,7.1
8.98,11.5
7.46,8.7
4.94,5.2
6.37,9.4
5.82,8.7
6.34,7.0
7.76,10.8
6.72,10.4
8.03,11.2
9.06,10.7
7.18,9.4
8.25,9.0
6.0,8.4
7.35,8.3
7.7,8.8
6.81,8.3
8.83,10.4
7.52,8.5
5.93,8.6
7.55,9.8
7.82,8.7
6.61,9.4
9.44,10.1
6.76,7.7
7.62,8.3
4.68,8.2
5.62,7.7
7.66,9.1
5.27,7.1
6.67,7.9
7.01,8.8
5.9,5.7
6.7,6.6
9.82,11.9
5.55,7.1
8.19,8.5
7.0,9.5
7.1,7.2
7.22,10.2
4.3,6.2
5.79,8.6
5.93,7.5
7.44,9.4
6.67,8.3
8.09,10.7
7.33,11.2
6.9,10.2
7.5,10.9
7.78,9.4
10.75,13.7
5.95,6.9
7.83,11.5
8.77,9.2
9.67,10.4
6.72,9.5
6.44,7.4
6.42,8.8
7.64,8.7
7.67,10.6
7.04,8.8
3.99,6.6
7.62,9.0
7.3,8.3
8.19,10.5
5.28,7.0
6.56,6.8
7.08,7.4
8.18,10.1
7.91,8.0
9.27,12.2
6.65,9.3
6.84,8.7
6.79,8.8
5.95,6.8
9.17,11.1
7.86,10.4
8.54,9.4
8.63,10.5
4.63,5.3
6.61,9.3
7.62,9.8
5.79,8.1
10.96,12.6
4.28,6.5
8.41,10.1
7.94,10.1
6.37,7.5
6.31,9.5
8.59,10.8
6.19,7.9
11.01,14.4
4.79,6.3
4.26,7.9
7.18,9.3
8.28,10.2
5.67,7.4
4.83,6.6
8.45,8.7
6.29,8.4
6.21,8.0
4.85,7.8
7.54,9.2
7.4,11.1
7.13,8.7
4.46,5.2
5.18,6.6
8.19,10.4
7.69,9.4
10.21,10.9
4.33,7.4
6.79,9.1
7.5,9.9
7.23,10.2
6.22,7.4
5.89,7.9
5.04,7.3
6.75,8.0
5.94,8.4
8.39,11.5
7.04,10.7
4.46,6.8
6.06,7.0
5.35,9.2
8.68,11.1
6.66,10.0
5.58,5.3
6.66,6.6
8.19,8.8
7.33,8.5
8.57,10.7
4.86,7.2
7.27,12.2
8.56,11.5
8.03,9.0
5.21,8.2
7.12,10.2
7.03,9.0
4.39,7.1
8.43,9.5
7.02,8.8
7.0,10.0
7.0,9.1
3.64,4.4
7.91,8.0
6.86,9.5
4.64,6.0
7.72,10.1
5.5,6.6
8.66,11.5
6.91,9.1
6.04,9.3
7.44,9.3
8.01,10.8
4.98,5.6
5.4,9.5
7.69,7.8
8.51,10.5
6.13,9.2
6.4,6.2
7.18,6.0
8.57,11.1
6.77,8.8
7.87,10.0
6.26,8.5
6.06,9.8
4.63,7.8
6.78,9.5
9.03,11.1
5.91,7.0
5.3,6.8
5.93,6.2
7.03,5.3
4.34,5.9
6.55,8.7
8.15,9.9
8.37,9.3
6.5,8.1
6.67,8.7
6.35,7.6
8.08,9.0
7.78,9.7
7.12,9.8
3.64,7.2
6.76,10.3
7.66,9.5
6.7,9.4
7.81,8.9
7.01,9.8
6.67,8.5
5.93,8.3
7.98,10.4
8.0,10.2
6.09,8.9
8.29,10.9
6.94,9.7
7.6,11.1
7.89,9.8
6.21,9.3
7.8,8.6
9.04,12.1
6.42,8.0
8.51,10.4
7.29,10.7
7.85,10.1
7.85,9.4
6.22,7.7
6.16,9.7
5.35,7.2
4.5,5.8
5.42,8.7
7.61,10.5
5.69,7.1
5.07,6.3
7.37,9.8
7.01,7.8
5.56,5.9
4.55,7.4
8.08,10.5
5.6,6.9
9.03,11.2
4.64,5.6
7.17,9.7
7.05,8.9
9.32,8.8
4.73,8.6
5.47,7.9
6.03,8.1
4.1,7.5
6.23,8.1
7.58,10.3
8.82,10.6
4.48,7.6
8.88,12.1
8.5,12.2
6.57,7.9
6.47,6.6
6.6,7.7
9.42,12.0
7.97,8.3
9.7,11.2
6.51,8.9
7.19,10.2
5.2,9.5
7.49,9.0
4.1,5.8
7.19,9.5
8.56,11.4
6.65,9.0
9.52,10.5
5.82,8.7
8.67,11.0
6.8,11.2
8.32,9.9
5.81,8.1
5.58,6.6
7.34,7.5
8.59,12.3
5.68,8.2
7.34,9.3
5.42,6.1
7.48,10.1
3.93,5.4
9.32,10.9
7.3,8.3
6.67,10.6
8.19,9.0
7.98,9.3
8.48,11.0
9.82,11.9
6.69,7.9
4.43,6.6
7.71,8.8
4.95,7.3
7.84,10.2
6.36,10.1
6.16,8.4
7.04,8.2
4.69,5.7
5.7,8.7
8.59,10.2
5.61,7.4
4.73,6.9
7.99,9.4
6.4,9.3
8.1,11.0
9.03,10.1
6.27,8.3
3.11,5.0
6.78,8.7
6.7,8.8
5.22,8.7
6.23,9.4
5.69,7.2
11.12,10.7
7.36,12.5
7.58,9.7
6.31,8.4
4.98,6.4
5.15,5.3
6.25,8.0
7.94,7.8
6.8,7.1
4.83,7.6
7.68,11.0
8.38,11.9
4.68,6.4
5.78,8.6
9.25,10.7
6.67,9.4
5.25,7.0
6.49,7.7
5.38,7.7
7.31,10.0
8.98,11.1
8.61,10.7
7.64,9.9
6.43,9.6
6.62,7.5
6.82,8.7
5.0,7.1
5.86,7.2
3.16,5.6
5.4,7.3
7.95,9.7
8.98,12.0
8.54,11.9
7.33,8.2
4.62,6.8
6.27,9.0
8.96,8.8
6.91,9.4
8.18,10.4
7.07,11.5
9.55,10.8
7.07,9.6
6.19,7.2
8.49,9.3
5.88,8.8
7.08,10.7
6.48,8.6
6.81,9.0
7.12,8.7
9.2,11.0
7.44,10.4
7.97,10.1
10.36,13.2
5.89,8.7
6.53,8.4
6.74,9.7
8.37,11.7
7.55,10.3
7.39,10.3
9.41,11.2
6.04,7.5
9.53,10.4
10.06,12.4
7.55,10.4
5.31,7.3
4.01,8.1
9.22,10.8
7.35,7.9
8.49,8.2
3.87,7.6
6.97,8.5
8.31,10.6
6.36,8.7
6.39,9.1
7.38,8.8
4.39,6.1
7.57,8.5
4.75,7.7
8.58,11.3
7.62,10.9
9.72,12.5
6.66,10.1
6.18,8.5
8.13,8.6
7.18,8.9
5.19,9.1
7.69,10.2
7.67,10.2
5.4,5.9
3.9,7.0
5.66,7.6
8.41,10.5
6.11,8.9
5.39,7.0
8.04,9.0
4.03,5.8
5.53,10.0
8.67,11.3
7.86,8.7
9.18,12.0
5.0,6.9
7.75,9.3
8.74,11.3
7.09,8.4
4.13,6.1
5.95,9.2
7.39,10.3
4.97,5.7
6.65,9.8
8.12,9.3
3.59,6.7
5.88,8.7
4.62,7.2
5.47,7.9
9.48,11.4
5.5,7.0
7.96,10.2
5.15,8.8
7.91,10.7
7.27,8.9
9.59,12.3
7.44,10.6
4.56,5.2
8.9,10.7
10.1,12.5
8.07,9.7
7.39,8.8
8.71,10.5
8.78,11.5
5.69,7.8
8.39,9.4
5.91,8.3
8.56,9.7
7.98,9.0
5.31,6.2
3.47,4.9
8.61,11.4
6.61,7.7
1.69,2.5
4.36,7.2
6.71,8.4
7.6,9.4
6.75,9.0
5.95,6.4
7.02,8.8
5.74,8.4
8.47,9.2
7.9,9.7
6.93,8.3
7.5,10.2
6.98,10.7
7.79,9.4
5.48,8.6
6.55,7.3
3.5,5.7
7.95,8.6
6.24,8.1
7.4,10.9
8.08,9.5
6.53,7.2
11.69,13.3
5.93,7.4
6.49,8.9
7.23,8.5
6.0,7.9
9.3,9.7
7.29,8.4
5.51,7.5
6.87,6.5
7.2,10.0
5.85,7.1
8.06,8.7
9.27,11.9
5.92,6.6
7.81,10.3
7.31,10.3
7.22,9.3
4.87,6.6
6.19,7.2
6.17,8.9
6.45,8.2
3.34,6.0
8.67,9.9
7.19,9.9
5.69,8.0
8.92,9.9
8.52,9.1
7.26,10.3
5.75,8.6
8.03,10.4
6.62,9.4
6.13,7.7
8.5,10.6
7.88,10.4
7.48,9.7
6.89,9.3
7.15,9.3
4.46,7.0
4.46,6.5
6.02,8.5
7.47,9.3
8.84,10.6
5.75,9.0
7.05,9.3
6.14,7.7
6.69,9.0
9.22,11.8
7.22,7.4
6.47,7.6
9.95,11.2
9.0,10.7
7.13,10.5
8.75,10.3
9.35,11.2
5.75,7.3
8.15,11.1
2.14,3.6
5.86,7.4
8.43,10.5
7.83,10.1
7.09,9.3
8.13,9.2
6.1,7.7
5.9,7.9
8.2,10.1
5.1,6.9
5.26,10.0
6.27,8.3
8.25,10.4
6.39,7.4
6.15,9.0
5.7,9.2
6.75,7.7
6.89,9.4
6.31,7.9
9.25,11.8
7.96,9.2
5.39,6.4
7.73,8.4
4.3,4.1
5.27,7.9
5.3,6.3
4.41,6.4
5.79,7.9
9.02,11.8
7.57,9.7
8.95,11.1
9.11,9.7
7.4,10.4
8.66,11.0
9.33,11.4
8.24,10.3
7.08,9.1
5.14,8.3
10.81,12.5
7.97,9.9
5.91,6.7
6.11,7.1
6.57,9.5
8.04,10.2
6.34,8.4
6.38,8.0
7.99,10.5
5.27,6.7
7.16,8.0
5.9,8.7
6.82,8.4
6.08,9.2
4.32,6.2
5.21,6.2
8.08,8.9
4.72,8.0
8.09,10.1
8.38,9.4
7.24,9.1
7.01,7.9
6.71,9.5
8.83,11.3
8.94,10.2
5.84,6.8
7.56,9.4
7.73,8.7
7.31,9.6
7.38,8.5
6.87,8.9
7.13,9.2
3.0,4.5
6.68,8.9
7.65,7.8
6.78,8.1
7.09,10.3
8.56,10.3
6.65,8.9
4.59,6.3
6.12,10.0
6.46,8.9
8.27,11.6
7.26,8.5
6.93,8.7
6.62,8.7
5.93,8.5
7.06,10.4
6.46,8.1
8.77,10.3
7.29,9.2
8.47,11.5
7.89,10.0
6.27,7.5
7.0,9.4
4.8,7.0
5.25,7.3
9.22,11.6
7.28,9.1
9.01,11.3
8.21,11.3
6.93,9.9
6.61,7.9
5.55,7.6
8.64,10.8
11.69,13.1
7.14,8.5
8.27,9.6
8.33,11.9
6.96,9.4
5.4,7.9
7.34,9.8
5.46,7.8
8.59,11.0
7.6,8.3
10.64,14.0
7.9,8.7
10.39,13.8
7.63,9.1
7.88,9.8
9.12,11.5
8.04,10.9
6.51,7.8
5.78,8.2
9.11,10.7
7.03,9.7
8.11,11.0
8.35,10.9
4.65,5.7
7.42,9.7
8.08,10.2
5.97,7.4
6.44,8.0
10.44,11.5
9.16,10.2
5.87,7.1
4.05,5.9
7.15,9.1
6.39,7.5
5.77,7.7
5.13,6.5
8.16,9.8
8.57,12.1
5.49,8.4
6.08,8.1
8.38,11.5
5.92,8.8
8.86,9.9
5.32,6.1
4.34,6.6
7.5,10.0
8.75,11.2
5.38,6.6
3.03,6.3
7.19,9.8
5.98,7.9
7.08,8.0
7.08,9.4
5.53,5.8
8.25,9.0
8.12,10.1
7.45,9.4
5.21,7.8
7.71,8.9
6.36,9.3
8.35,9.8
8.53,11.0
5.03,7.4
6.32,7.3
7.39,10.3
4.53,6.8
6.22,8.1
5.42,6.4
5.94,7.3
8.56,11.2
8.11,11.0
7.19,8.7
8.07,9.6
6.14,7.9
4.59,7.0
8.11,10.9
7.61,8.6
7.47,10.8
4.94,10.0
8.03,9.3
2.99,4.8
3.78,6.1
4.61,5.3
6.45,9.2
6.01,7.4
5.71,8.0
4.75,9.6
9.84,13.9
8.11,10.2
8.19,11.3
7.91,10.4
5.79,7.8
4.83,6.3
9.18,10.8
7.18,7.5
6.48,9.8
6.85,6.7
7.29,9.5
4.98,7.5
4.05,4.9
6.56,8.1
6.65,9.8
3.52,3.5
4.63,6.5
7.3,9.6
8.8,11.1
9.33,10.3
7.0,8.7
8.19,9.4
6.54,8.2
6.41,8.8
7.15,9.2
9.16,11.0
7.79,8.7
7.91,9.1
9.28,10.8
10.9,13.3
5.82,7.0
6.06,7.4
7.61,9.9
5.43,8.9
8.44,10.8
7.79,10.7
8.76,11.0
6.11,8.8
8.5,10.7
7.87,9.8
5.44,6.7
8.6,11.0
7.48,8.0
9.03,10.4
10.23,11.5
8.07,9.4
8.79,8.6
5.23,8.1
4.62,6.9
9.08,10.9
6.19,5.6
5.45,6.7
6.3,7.1
5.66,5.6
5.84,9.0
8.67,11.3
8.23,10.0
7.68,8.5
6.3,8.9
6.12,8.0
8.37,10.6
3.89,5.5
5.25,7.9
8.29,10.7
6.1,10.0
5.81,5.3
8.77,10.8
7.14,9.1
7.51,9.8
5.37,7.0
6.56,10.5
7.88,10.0
6.28,7.1
3.74,6.5
4.5,5.0
6.56,8.6
8.16,8.5
4.27,6.0
2.7,4.2
7.2,7.5
6.04,6.7
9.63,10.3
7.33,8.5
6.06,8.5
5.18,7.3
7.96,10.2
8.46,11.5
7.76,8.4
6.85,9.3
7.59,10.7
7.28,8.4
8.13,9.4
8.82,10.7
2.87,4.0
6.1,6.3
7.67,9.7
8.18,10.1
6.1,9.4
6.84,10.6
6.44,8.3
5.77,8.5
5.13,5.6
5.64,6.9
7.96,9.4
5.36,5.6
8.04,10.1
4.86,4.0
8.09,9.5
6.16,9.0
6.54,9.3
2.9,4.8
7.05,10.2
6.91,8.3
6.73,6.7
5.46,8.4
5.72,7.1
7.82,9.5
9.19,11.2
6.29,8.4
7.53,8.9
7.6,10.2
6.85,9.2
6.58,10.3
6.74,9.7
6.47,8.7
7.96,9.2
7.33,9.1
4.4,6.9
8.66,9.7
8.15,8.9
6.47,9.9
9.57,10.6
7.74,8.9
7.68,9.0
5.83,9.2
4.89,8.9
7.54,8.5
8.27,10.1
7.88,9.6
5.52,8.2
7.79,9.1
8.78,11.7
7.48,9.9
7.93,9.2
6.46,8.6
11.24,13.9
7.96,10.3
4.02,5.7
5.57,8.1
7.73,11.9
6.68,11.2
6.37,8.3
9.67,12.5
4.72,4.9
4.34,6.2
7.51,9.2
10.11,13.5
5.6,7.4
4.11,6.9
6.28,8.6
6.83,10.4
7.41,9.0
5.89,7.2
5.19,6.6
9.37,12.1
7.04,9.5
7.72,10.1
8.88,9.8
6.75,7.8
4.64,6.6
6.12,8.9
3.1,6.7
7.47,8.9
7.86,11.4
7.52,10.9
4.37,7.0
5.36,7.7
7.78,9.0
10.26,14.4
5.47,8.9
9.08,10.0
6.8,8.9
5.06,6.1
5.34,7.0
7.3,7.4
5.62,7.9
4.01,5.2
4.54,5.2
6.42,9.4
6.04,7.8
7.43,8.9
6.28,7.2
8.36,10.7
6.07,7.6
7.8,9.8
8.31,10.8
6.47,8.5
7.52,10.4
7.0,8.3
7.4,8.7
10.62,12.0
4.15,5.0
6.65,7.4
9.45,12.0
8.12,10.5
6.25,8.7
7.51,9.6
8.51,10.8
7.03,8.2
7.37,10.2
8.11,10.0
5.77,6.8
7.8,10.5
6.34,7.9
8.09,10.8
5.78,6.0
8.43,9.2
6.34,9.6
5.47,7.9
5.23,7.3
6.02,8.3
7.84,9.9
6.82,9.3
5.83,8.6
10.13,12.3
8.84,9.7
7.81,10.3
7.15,10.2
4.52,7.0
6.37,9.9
6.96,9.2
4.37,6.4
7.18,10.9
6.27,8.8
6.86,7.7
4.57,7.8
7.49,8.6
3.8,6.5
5.81,7.6
7.62,10.4
7.33,7.2
8.8,11.3
5.82,8.1
7.51,8.2
7.16,8.8
7.07,10.1
8.02,11.3
5.46,8.9
5.18,5.5
6.54,7.6
7.63,9.8
7.99,9.9
8.51,10.6
6.25,8.0
5.46,8.8
7.88,10.2
7.78,10.5
7.57,9.4
5.49,8.1
5.61,8.8
8.06,10.6
6.09,6.1
8.41,9.2
3.7,6.4
7.29,9.3
5.88,7.8
4.34,6.3
6.49,9.1
9.89,11.4
5.87,9.4
8.15,10.3
7.15,9.1
7.47,9.7
5.93,8.1
8.77,8.3
10.01,13.0
9.16,11.7
8.97,10.0
11.41,12.5
7.48,7.4
8.22,10.6
7.05,9.2
8.54,11.5
5.82,7.5
7.62,10.2
6.84,8.8
9.32,12.2
7.69,9.1
7.15,8.9
8.7,9.5
7.27,8.4
6.1,8.9
8.58,11.8
5.28,6.3
6.7,9.0
6.04,8.9
9.3,11.1
6.61,9.4
5.74,6.4
7.82,9.1
5.2,6.2
7.71,10.5
8.34,10.3
6.82,9.1
10.3,13.3
6.1,8.2
7.55,9.0
7.62,10.4
7.45,7.7
7.13,9.5
5.94,7.0
7.99,11.7
9.02,10.3
8.14,8.9
9.93,11.3
4.92,6.1
8.31,9.9
6.25,8.3
7.39,11.2
7.67,11.5
7.23,11.7
6.25,8.0
8.57,10.5
9.16,10.6
6.07,5.8
7.01,8.5
7.55,10.7
7.75,10.2
6.36,6.8
6.65,8.1
6.8,10.5
5.54,6.8
7.17,8.3
5.7,8.2
6.56,8.0
8.27,11.3
6.31,7.3
6.46,8.4
6.72,8.5
6.7,9.1
8.99,11.7
7.51,9.0
7.37,9.9
8.44,11.5
6.79,8.3
6.36,9.5
9.35,11.4
7.3,7.9
8.4,9.4
5.25,6.9
5.66,7.9
6.46,9.1
7.77,9.9
7.35,10.0
7.0,8.7
6.84,8.4
6.47,8.1
5.66,6.7
4.74,6.4
6.67,9.0
8.49,9.1
6.8,10.0
9.14,12.5
6.28,8.0
6.37,8.1
7.2,10.7
8.51,11.4
9.21,11.4
9.37,11.6
5.34,7.3
6.94,8.4
7.04,7.6
8.22,10.2
7.56,8.5
6.34,7.3
6.42,9.0
6.94,10.6
6.05,6.6
6.59,8.4
5.82,7.9
5.99,7.4
8.03,9.9
10.0,11.3
6.38,8.0
5.28,6.7
5.3,5.6
5.54,6.7
8.39,9.1
7.23,8.6
7.33,9.1
6.24,10.0
6.04,7.5
6.69,8.5
2.84,4.3
9.85,14.6
7.22,9.9
5.88,7.1
6.03,7.4
8.34,10.4
7.8,10.5
6.25,8.1
7.58,11.0
5.79,7.1
7.85,9.5
6.81,8.7
7.77,10.2
6.62,8.4
7.82,10.1
6.32,9.2
6.44,7.6
8.62,12.3
6.83,8.6
7.02,6.2
9.41,11.8
6.35,6.4
6.67,8.0
5.39,7.8
6.69,9.9
5.73,8.2
4.29,5.5
6.61,9.6
5.5,7.5
6.34,8.2
8.52,11.0
7.2,9.5
6.65,8.9
7.48,8.9
7.57,10.7
10.53,12.5
7.88,11.0
8.52,9.7
7.49,8.9
7.28,9.5
5.08,7.0
5.26,8.0
9.46,10.5
6.28,8.7
5.75,7.1
7.13,8.7
7.06,9.6
6.57,9.9
7.26,9.5
6.63,9.4
4.74,6.5
7.22,11.1
6.75,9.3
7.54,9.6
8.43,10.9
5.83,6.0
9.31,11.1
7.21,7.3
5.86,7.9
4.43,7.7
7.97,10.4
8.69,10.3
5.43,7.6
7.86,10.5
7.78,9.2
5.14,6.5
5.36,7.3
7.53,10.6
6.19,7.9
8.52,9.7
9.94,11.0
10.3,12.5
6.78,9.4
7.09,9.9
6.7,8.5
5.2,7.8
7.07,10.3
6.08,8.0
6.18,8.4
9.0,10.8
6.69,8.7
5.68,8.5
8.18,8.1
6.06,9.6
6.84,10.4
3.82,4.0
6.66,6.6
5.47,6.4
9.86,13.8
6.54,10.4
8.48,10.9
7.78,10.8
5.45,7.1
6.07,6.7
9.51,11.4
7.51,10.3
6.58,8.6
8.05,10.9
7.1,9.6
6.03,7.5
6.89,8.6
5.03,6.7
5.61,6.5
9.6,11.4
4.06,5.7
7.25,9.3
6.86,9.6
9.75,12.9
7.97,11.3
6.9,8.7
5.08,6.4
5.7,7.3
7.27,9.5
8.48,10.5
5.23,6.2
5.79,7.1
6.02,6.9
8.11,10.8
8.45,9.6
9.76,11.5
6.18,8.1
7.39,11.6
5.35,8.5
7.23,10.4
5.8,6.1
6.37,7.9
5.38,7.7
2.52,3.8
7.29,10.9
6.25,7.7
7.48,9.3
6.2,7.3
7.82,9.7
7.31,9.1
7.81,10.6
9.89,12.5
9.39,11.7
7.73,10.3
8.17,10.5
3.17,2.8
6.68,8.6
6.26,7.6
6.29,9.7
8.08,11.9
8.59,11.0
6.16,8.2
6.1,10.4
6.65,8.7
6.88,7.3
9.28,10.6
5.7,8.2
7.62,9.0
4.82,7.1
7.04,10.6
6.21,8.9
7.13,9.7
8.45,10.6
7.62,7.2
7.29,8.7
8.19,7.9
10.59,11.7
6.45,10.1
7.31,9.9
10.65,13.8
5.51,7.6
7.75,10.1
7.19,9.3
5.0,6.6
7.67,9.6
5.38,6.0
8.32,9.6
5.96,7.8
7.71,8.4
7.53,8.4
5.81,6.7
7.41,9.0
7.51,11.1
8.47,11.2
7.05,9.1
7.56,7.3
7.17,9.2
7.25,8.2
8.92,11.2
5.86,7.7
7.24,9.4
6.64,8.8
6.96,9.4
5.53,6.6
7.86,7.9
7.69,10.1
7.4,8.4
6.75,10.2
7.66,7.7
7.74,10.2
4.27,5.3
5.92,8.8
4.48,5.9
7.99,10.8
6.48,9.6
4.43,6.2
7.69,8.6
7.95,9.8
6.27,7.8
6.22,9.8
5.73,6.7
8.64,9.8
8.04,9.4
7.33,8.7
8.13,10.4
8.66,12.3
6.19,5.3
10.24,10.6
8.01,9.6
5.15,7.3
5.67,7.6
8.92,10.4
7.21,9.2
6.32,6.3
8.5,10.6
8.5,12.0
8.34,10.7
7.09,8.5
6.84,7.5
5.66,7.1
7.44,9.9
6.39,8.0
7.15,10.1
7.46,11.2
6.46,8.1
7.12,8.1
2.99,5.4
5.42,7.5
3.22,5.9
7.32,9.7
7.57,8.5
5.39,7.7
7.06,9.0
4.85,5.8
4.94,6.4
6.83,8.3
5.29,6.9
4.72,7.2
6.49,10.5
5.25,8.6
8.77,9.7
7.73,9.6
7.12,10.5
6.28,7.0
7.22,10.7
7.89,10.7
6.9,9.4
7.51,9.6
7.44,9.6
6.43,8.4
8.21,9.7
5.56,9.1
7.12,10.1
8.77,10.2
6.18,7.2
6.05,9.8
6.98,8.6
7.74,11.1
6.08,8.2
7.18,10.2
6.61,7.7
6.27,8.0
5.37,7.5
8.64,12.9
6.3,8.5
8.43,9.8
5.62,7.1
6.55,8.0
3.79,5.0
7.33,10.4
5.94,7.2
10.11,13.5
6.98,7.4
7.59,10.0
7.64,8.7
8.86,11.6
2.44,4.3
5.87,8.4
6.39,8.6
7.56,9.5
4.14,6.2
7.32,7.5
7.76,9.8
5.96,8.4
9.52,12.1
9.33,11.5
7.87,7.9
6.37,9.4
6.37,8.8
9.47,11.9
6.59,9.6
6.91,8.0
6.81,11.3
8.85,9.7
7.52,8.1
6.95,9.8
8.92,10.3
6.38,7.5
9.54,12.4
7.39,10.1
8.77,10.7
8.26,10.2
6.31,8.3
7.66,11.2
9.45,11.7
7.01,9.6
5.76,8.6
5.46,7.9
4.95,6.8
8.93,12.1
7.36,10.3
6.15,7.7
5.51,6.6
7.35,9.6
9.19,13.2
5.22,7.0
9.13,11.8
7.07,10.0
5.02,6.8
5.43,6.5
5.99,7.5
7.2,10.2
5.59,5.9
4.38,5.4
7.27,10.3
5.33,7.4
6.87,8.1
7.06,8.5
5.02,8.3
10.22,11.2
7.72,8.3
5.15,6.8
5.63,8.4
11.12,13.7
8.88,11.0
8.0,11.8
5.87,6.6
6.99,9.4
8.0,9.2
6.85,9.7
6.74,8.5
7.3,8.7
6.04,8.8
7.65,9.0
6.06,8.9
8.39,10.9
8.79,9.0
7.09,8.6
7.98,9.4
6.06,7.7
5.96,7.1
6.86,10.5
6.66,8.7
5.59,5.2
7.19,10.3
4.84,6.5
8.23,10.4
9.57,11.9
9.56,11.2
6.34,9.4
7.26,8.5
7.91,11.4
7.25,9.6
4.75,6.1
7.28,10.5
6.12,8.6
6.65,7.3
9.25,12.5
6.25,7.6
7.66,10.3
8.95,11.9
9.75,11.4
6.64,8.3
6.43,7.3
5.36,5.3
6.37,9.5
6.64,9.1
11.36,12.7
6.4,8.7
8.67,9.7
6.62,8.7
6.65,9.2
7.13,10.0
6.08,8.6
7.15,9.8
6.95,8.3
5.42,9.5
6.55,10.9
3.2,5.1
7.6,11.2
7.32,10.9
7.23,10.3
5.26,8.2
8.32,10.1
4.42,5.7
5.41,7.7
6.76,8.4
8.76,12.3
8.17,10.7
9.65,13.3
5.24,6.1
5.83,6.8
10.37,12.4
7.21,10.3
9.1,9.9
8.98,10.3
7.28,9.7
7.37,9.5
4.53,5.5
8.81,9.4
9.82,11.4
4.95,7.5
9.27,9.8
9.44,10.7
5.69,8.2
7.23,9.5
7.13,8.9
6.13,7.4
5.98,7.7
7.69,9.8
6.45,7.4
9.34,9.9
7.3,10.5
7.24,10.4
5.74,8.5
5.62,8.4
6.43,8.6
6.77,9.3
9.59,11.5
7.76,9.3
5.93,7.2
10.09,13.6
6.47,9.1
5.98,10.7
6.65,8.8
9.53,10.6
7.35,9.1
6.59,8.2
5.7,6.8
4.67,7.6
6.79,8.6
7.99,11.5
6.75,9.6
6.45,8.7
7.33,9.9
9.23,11.4
7.85,9.2
5.91,7.9
3.7,5.6
7.15,9.1
6.87,7.4
7.9,12.5
6.78,9.3
6.04,7.6
9.78,12.2
6.91,9.6
8.05,10.8
10.42,14.3
8.16,10.8
6.73,8.5
7.21,8.9
5.96,7.4
9.03,12.2
7.06,8.0
6.15,7.1
8.09,11.9
6.16,6.3
6.43,9.6
7.55,9.7
6.85,8.7
6.54,9.1
7.05,10.4
9.35,10.1
7.68,9.6
8.3,10.4
6.57,6.5
8.05,10.3
6.54,9.5
8.01,10.7
7.45,10.5
5.92,8.4
6.07,8.2
7.48,8.3
5.16,6.7
7.38,8.0
3.36,5.7
9.68,13.2
6.1,5.7
5.1,7.3
8.17,9.6
7.74,10.7
9.95,11.9
6.51,7.0
5.37,6.9
7.45,9.3
7.73,8.0
7.24,10.7
6.66,10.2
9.42,12.0
8.1,9.6
5.62,6.3
7.29,8.8
9.5,11.6
5.72,8.2
7.52,8.5
8.45,8.5
6.37,10.1
6.58,8.3
5.22,8.2
7.85,10.2
9.33,11.3
6.12,8.1
6.5,11.2
8.06,9.6
6.62,9.1
8.92,9.3
8.12,9.1
7.66,9.5
6.62,8.9
9.62,12.2
5.84,7.6
6.7,8.5
4.27,7.0
7.24,11.1
6.65,6.0
7.05,8.4
4.82,6.7
8.86,12.1
5.71,7.0
5.59,7.6
6.98,8.5
6.65,7.1
4.43,4.3
8.91,12.3
4.96,7.4
6.17,9.1
6.85,7.2
7.88,8.3
6.9,9.0
6.73,9.8
5.49,7.2
8.47,7.1
5.51,7.9
5.6,8.1
6.86,10.2
6.82,8.9
6.47,9.4
6.48,8.1
7.15,9.6
7.18,8.6
6.07,9.0
9.42,10.9
7.44,9.7
7.1,8.1
5.87,8.6
6.01,8.8
5.75,8.3
6.79,10.6
8.21,9.0
8.47,10.5
4.08,7.2
3.13,5.4
6.82,7.2
8.71,10.7
6.51,6.3
4.52,5.7
8.74,10.8
6.77,9.9
5.22,8.1
8.05,11.2
8.01,10.3
6.85,8.1
8.25,11.6
5.42,7.3
9.51,11.0
8.89,11.0
6.66,9.8
7.56,9.3
9.04,13.1
7.15,9.7
8.05,10.3
4.45,6.2
8.14,9.9
5.45,7.2
6.87,9.3
8.48,8.7
4.71,7.3
8.04,9.9
7.76,9.2
4.9,6.8
3.86,5.4
5.22,6.8
5.43,6.7
6.95,7.6
6.03,7.5
6.23,7.1
4.86,7.3
7.77,8.4
6.62,8.2
6.19,7.3
6.57,8.6
6.89,11.4
8.98,10.9
7.91,9.4
8.83,10.7
7.56,10.0
7.3,9.9
7.45,9.7
7.06,8.4
4.75,7.6
6.41,7.5
10.09,12.7
9.23,9.3
6.51,8.8
5.19,7.6
8.42,11.9
6.6,7.8
5.67,8.2
6.63,9.3
7.69,7.8
4.76,7.4
4.79,5.5
7.06,9.5
12.7,14.0
7.64,8.2
4.89,8.0
7.64,11.2
8.92,9.2
6.35,8.6
7.77,10.2
6.6,9.0
10.07,11.4
7.31,8.8
6.13,8.5
6.82,11.5
9.94,13.6
7.11,10.6
7.21,10.1
6.92,8.8
4.66,5.9
5.54,8.1
8.72,7.9
7.53,10.1
10.08,12.8
7.05,8.3
9.82,11.6
7.58,8.8
9.97,11.2
4.68,7.6
7.39,9.9
6.0,9.5
8.46,11.2
8.54,10.0
9.3,11.1
8.67,10.9
9.04,12.1
8.99,13.1
8.31,10.2
7.41,10.5
5.3,8.6
4.44,6.2
9.17,12.6
4.44,6.4
7.61,7.6
7.4,9.6
8.4,12.6
7.86,10.3
4.46,5.6
6.72,8.3
10.24,12.6
8.64,11.0
8.0,10.3
7.08,8.8
7.0,10.4
8.6,10.0
8.41,9.3
8.16,9.7
5.57,7.8
6.72,7.7
8.19,9.6
6.04,8.8
6.9,7.0
6.3,8.3
10.15,11.7
6.22,7.0
7.83,6.5
5.26,7.5
7.58,9.5
3.22,4.4
6.19,9.4
6.68,8.7
6.31,7.5
5.72,9.5
6.48,7.8
7.49,10.4
8.86,11.3
9.75,13.0
6.05,8.5
9.2,11.1
7.53,8.3
7.65,10.9
9.67,11.7
4.2,6.4
7.43,11.2
4.97,7.5
6.61,7.6
7.2,9.1
7.41,9.3
6.52,7.0
5.09,6.3
6.81,8.0
5.34,7.9
5.33,5.8
5.67,8.0
5.21,8.4
6.24,9.8
6.29,9.7
6.7,8.1
6.92,7.8
6.62,7.9
3.83,4.1
7.97,9.4
6.98,8.5
7.14,7.2
4.88,7.1
9.6,12.5
8.46,10.6
6.02,8.0
5.31,6.7
5.45,7.4
6.31,9.2
7.32,8.6
8.71,11.6
7.05,9.6
5.24,7.1
5.43,8.2
10.2,12.6
6.74,8.4
8.89,11.4
5.79,8.2
6.19,9.3
8.02,11.3
5.88,7.4
7.89,10.4
6.41,8.4
6.82,9.6
4.29,7.4
8.01,10.8
3.97,4.7
6.31,7.6
7.16,10.2
9.03,12.3
7.56,9.5
10.09,12.7
6.37,9.9
11.79,15.5
8.03,11.5
4.54,5.7
7.61,9.4
4.74,6.0
9.59,12.6
7.47,10.7
6.21,9.0
6.18,8.0
8.15,9.5
5.49,6.1
5.95,8.4
7.92,10.9
8.59,9.1
6.82,7.8
8.99,10.7
4.86,7.8
1.98,6.8
6.74,7.9
6.74,7.2
4.36,7.9
7.09,8.9
6.74,9.7
7.42,9.0
7.98,10.9
8.42,9.8
5.3,7.0
5.57,6.7
4.28,7.8
6.94,9.3
7.3,9.0
4.97,5.3
4.86,7.4
8.39,10.5
8.81,10.2
7.88,10.7
6.0,6.7
8.74,10.8
10.36,11.3
8.23,9.7
6.46,7.9
7.73,9.0
6.98,7.9
4.41,8.7
8.79,12.8
6.39,7.2
7.81,10.9
3.5,6.2
6.4,8.5
6.93,9.7
6.24,8.8
6.34,8.7
5.26,7.2
8.27,12.5
3.58,6.2
7.31,9.4
5.68,7.0
10.62,12.5
5.14,7.2
6.28,6.7
8.65,9.1
4.49,6.9
6.45,8.7
6.71,8.9
5.2,7.0
5.37,7.5
7.99,10.8
5.12,6.8
6.44,8.5
8.42,9.3
9.05,11.3
5.22,7.9
6.02,8.3
5.12,6.4
5.04,6.1
5.88,8.3
6.87,9.2
6.12,10.2
3.72,7.0
8.14,10.0
7.01,9.2
8.11,7.4
9.56,10.6
3.63,6.3
7.4,10.1
7.77,9.4
10.36,11.9
4.99,7.7
7.57,10.3
8.68,12.2
8.55,12.4
8.69,9.7
9.54,10.7
7.99,9.9
7.34,11.6
6.95,9.6
5.65,6.8
8.82,10.4
7.13,9.7
7.27,10.6
8.72,11.4
7.22,10.2
8.21,10.6
5.45,5.8
5.26,7.4
5.12,8.0
6.44,9.1
6.96,9.1
7.71,9.6
6.04,8.3
4.09,6.2
6.55,7.1
7.59,10.7
7.44,11.2
6.01,7.9
6.66,8.0
6.5,9.5
8.69,11.1
8.29,9.1
7.34,11.0
7.27,10.1
3.75,7.5
6.49,10.1
6.93,9.2
5.9,9.0
6.86,7.0
7.57,10.0
5.71,9.9
6.47,9.3
7.9,8.4
5.14,7.3
4.52,6.8
4.11,6.4
6.06,10.4
7.07,9.5
8.41,10.6
6.72,9.4
6.36,7.9
5.12,8.0
7.14,7.3
11.48,12.3
7.12,8.0
7.34,8.9
8.21,9.5
6.79,8.0
7.39,8.9
5.69,8.2
7.32,11.1
6.65,9.2
7.09,9.2
8.31,10.4
8.8,12.0
5.96,7.4
8.15,8.5
8.37,8.7
7.53,10.1
5.33,6.5
6.21,5.8
5.5,6.0
6.52,10.0
8.99,13.1
4.81,8.1
7.93,10.1
7.85,10.7
9.15,10.9
6.74,9.1
8.25,11.5
7.47,11.0
7.96,9.7
9.09,12.1
6.54,9.5
7.86,8.4
6.71,8.1
6.59,8.5
8.28,11.0
7.21,9.1
5.84,5.9
7.77,10.2
5.14,5.6
7.49,9.9
6.26,6.5
8.07,10.9
8.52,12.9
6.73,8.8
5.05,7.5
8.04,10.4
6.4,6.4
6.87,8.6
4.08,5.5
6.1,9.0
5.78,6.4
7.11,11.0
9.14,10.0
6.65,11.0
7.99,12.7
6.03,7.8
8.67,8.1
6.28,7.8
7.94,10.0
6.29,6.6
6.53,7.1
8.31,11.5
5.4,6.3
5.95,6.9
6.36,8.0
8.08,9.3
8.99,11.8
9.18,10.8
9.81,10.8
8.77,11.2
9.9,12.1
4.32,6.0
6.72,7.4
6.64,7.6
6.13,9.3
6.02,9.8
7.31,11.7
8.9,12.6
5.25,6.5
8.43,11.5
5.5,7.1
6.97,8.1
5.44,5.7
7.04,8.6
6.71,7.0
2.43,4.8
6.23,8.3
6.15,8.5
8.25,10.1
7.4,9.3
8.3,10.3
6.29,8.0
7.34,10.0
6.92,8.4
6.07,7.0
7.81,8.7
7.95,9.8
6.38,8.1
5.2,5.4
7.93,11.1
7.39,11.1
7.26,10.9
8.61,11.6
4.95,6.4
8.54,9.5
7.46,10.9
6.6,8.8
5.78,5.7
7.15,10.1
7.98,10.4
8.08,9.7
7.72,8.6
5.88,6.6
7.82,9.6
5.02,6.3
7.03,9.1
8.19,10.1
8.74,10.3
7.65,8.7
8.96,11.0
8.06,9.4
7.44,10.0
8.47,12.7
7.07,7.8
5.55,6.9
6.66,8.5
7.94,8.9
8.96,10.9
5.94,7.9
5.97,9.5
9.36,10.7
6.49,8.2
6.35,8.7
5.36,7.2
7.54,8.3
7.91,9.5
6.38,9.7
7.29,8.5
7.0,9.9
8.0,10.9
4.7,5.6
5.14,6.1
8.44,9.5
3.05,6.0
7.52,8.8
8.28,11.0
7.02,7.6
4.84,6.1
7.52,10.5
7.48,8.9
9.01,12.5
6.47,8.0
6.45,8.3
8.48,11.7
7.51,8.9
6.85,9.1
6.99,9.3
6.86,8.9
7.9,8.7
4.33,7.6
8.55,10.4
6.42,9.7
6.5,9.6
8.41,11.4
5.57,6.5
7.02,10.6
5.91,9.2
6.66,9.7
4.6,6.3
8.42,8.6
8.75,9.8
5.37,8.1
7.45,9.0
4.04,6.8
8.27,10.4
5.34,7.7
6.55,10.3
6.84,7.2
3.69,6.4
9.26,10.6
8.9,11.0
6.2,6.0
7.48,10.5
7.64,11.5
6.68,8.8
7.67,9.9
7.44,9.7
7.55,10.2
9.92,12.1
9.73,10.2
8.14,10.9
7.59,10.1
9.03,12.8
7.22,10.8
6.4,9.2
6.83,8.3
8.97,11.4
6.17,8.1
8.95,11.8
6.87,8.9
9.38,13.4
7.36,9.4
7.15,8.8
8.63,9.7
7.32,10.4
5.59,6.5
8.58,10.6
7.04,8.7
6.01,9.6
6.95,9.2
7.19,9.8
8.1,9.7
6.04,8.6
5.78,8.2
7.42,9.9
8.88,11.5
5.86,8.4
6.14,9.0
6.48,7.5
4.24,6.9
7.15,8.9
7.75,11.3
5.31,6.8
5.49,8.0
8.91,11.9
4.76,7.2
3.5,6.9
7.98,10.8
8.68,10.9
7.62,8.2
8.04,9.1
7.1,8.8
8.43,10.5
6.45,9.4
5.74,7.6
7.27,10.0
6.31,7.3
8.05,10.1
6.32,8.5
5.56,7.6
9.47,12.0
8.78,10.1
4.59,5.4
7.53,9.3
6.25,7.9
7.55,10.3
5.57,8.1
4.88,6.7
2.78,4.6
9.56,12.1
7.26,7.2
5.99,7.5
7.9,10.9
6.76,8.5
10.8,12.5
6.42,8.5
7.05,8.0
8.96,10.1
5.99,9.3
8.1,8.9
8.1,8.8
8.91,11.2
5.2,8.0
5.0,6.3
7.06,8.7
5.39,8.6
5.35,7.6
6.17,6.3
7.91,9.6
6.04,8.9
3.9,5.3
6.64,9.1
8.13,10.2
10.46,12.6
7.97,9.6
9.03,10.9
6.53,8.3
7.27,7.8
6.41,8.9
5.6,7.2
4.67,6.8
8.46,8.7
3.5,6.6
3.48,4.2
8.09,9.7
9.23,11.3
8.37,10.7
7.49,8.8
6.75,9.1
5.61,7.0
6.95,10.1
5.87,7.5
9.69,12.0
8.44,11.4
8.12,11.6
8.74,11.4
6.73,7.1
7.86,8.5
8.26,9.6
7.19,9.4
8.19,8.1
8.07,10.3
6.31,7.2
8.1,9.5
7.65,10.3
5.54,6.9
8.41,9.6
6.65,7.5
10.76,12.0
8.27,9.8
5.94,8.8
5.68,8.1
6.36,7.0
8.3,8.8
7.75,8.4
8.83,9.0
8.05,10.4
5.93,8.4
6.68,7.6
5.16,4.9
5.89,7.9
6.82,8.4
9.48,13.5
4.33,6.5
5.93,7.5
6.31,7.7
4.75,7.3
8.2,10.9
6.34,8.2
7.55,9.4
6.49,9.1
9.15,11.5
11.06,13.5
5.97,6.7
9.14,10.5
8.97,10.4
7.38,9.7
8.78,10.2
4.99,6.5
6.78,8.5
7.9,10.8
4.55,7.6
5.75,8.2
5.98,7.2
8.14,9.8
6.21,9.1
9.05,11.0
7.64,9.9
8.39,11.0
5.59,7.7
7.58,9.5
7.73,9.8
3.51,5.0
4.52,5.7
8.37,10.3
8.79,10.7
6.81,8.9
7.1,10.8
6.82,9.7
6.63,7.1
3.65,5.8
6.88,7.7
9.24,11.9
9.97,11.1
7.48,8.2
4.94,6.7
6.73,7.3
8.7,9.9
8.31,10.0
7.59,7.2
7.06,10.6
6.04,8.2
5.93,9.5
6.72,8.9
6.48,8.5
6.58,9.2
10.47,9.8
5.26,6.6
6.38,8.2
6.05,8.9
6.56,9.0
8.89,11.3
5.44,6.9
7.32,10.7
5.52,7.3
6.21,8.7
6.46,10.7
6.44,7.5
8.0,8.3
7.22,10.0
7.98,9.5
4.32,7.4
6.24,9.8
5.3,7.4
8.64,10.0
7.32,8.7
6.11,6.6
9.34,12.5
5.16,7.1
7.3,8.5
7.43,8.9
7.25,8.6
5.57,7.4
6.17,8.1
6.11,9.5
6.06,8.0
8.12,11.4
6.74,9.0
7.25,8.3
10.52,11.0
8.88,11.9
5.26,5.9
5.66,6.0
4.82,6.7
4.78,5.5
5.72,9.3
8.42,10.6
5.2,5.7
3.95,5.9
5.01,7.9
11.37,12.3
7.52,8.9
8.42,9.3
10.34,13.5
6.65,9.4
10.05,13.6
8.21,10.8
7.21,11.9
8.65,11.9
4.9,6.3
7.22,10.4
6.89,8.7
3.91,5.2
7.76,8.6
5.78,6.2
4.65,6.6
6.28,7.8
7.01,10.0
6.13,9.2
6.54,8.0
7.45,10.1
6.62,8.7
5.55,8.1
8.52,10.1
7.87,9.0
7.48,9.0
8.03,8.6
6.0,9.1
7.22,10.1
7.22,8.8
7.53,10.5
9.15,10.9
5.76,8.9
7.37,9.0
5.42,7.4
8.85,10.5
7.45,8.4
7.62,9.4
7.23,9.9
4.08,5.5
6.91,9.7
9.42,10.3
6.97,10.5
6.33,8.1
7.29,10.8
4.84,6.4
5.61,6.9
7.98,11.0
7.43,9.3
6.25,8.0
5.1,6.3
5.13,6.3
7.32,9.0
5.56,7.1
5.61,8.3
6.91,9.6
7.59,10.8
7.87,9.6
7.16,10.5
6.75,9.5
7.96,10.4
7.91,9.1
7.2,9.3
6.26,6.1
7.08,9.5
7.2,10.5
6.58,7.7
7.11,9.1
7.2,9.8
7.74,9.0
9.19,10.5
4.73,6.7
7.35,11.2
8.27,11.4
8.87,10.4
4.51,7.3
6.84,7.5
4.83,8.2
6.99,8.5
7.45,8.1
6.97,7.6
9.6,11.7
10.16,11.8
8.57,10.4
6.25,9.0
8.21,9.3
7.69,9.5
4.97,6.7
7.52,9.0
7.67,10.9
9.4,10.1
6.4,8.9
5.99,8.0
7.95,10.4
7.48,10.9
5.82,7.4
7.27,9.4
8.98,10.8
8.78,10.1
8.95,12.0
6.72,8.2
6.42,10.5
7.23,9.0
6.41,6.4
8.81,9.5
9.35,10.7
5.6,7.4
10.08,13.9
6.42,8.4
5.42,7.3
6.31,8.7
4.36,6.4
7.84,10.0
4.79,6.3
7.07,6.8
8.16,10.1
8.79,11.1
8.01,10.3
9.28,13.5
6.75,8.3
5.43,8.4
4.98,7.7
6.38,7.8
7.5,7.8
8.8,10.9
6.04,9.3
6.59,10.2
6.49,9.0
8.58,10.9
5.83,8.3
6.49,9.5
7.46,10.8
5.66,7.2
8.04,10.8
5.02,8.0
6.52,8.9
5.9,5.8
4.49,4.9
8.8,8.9
6.62,8.3
5.28,9.1
7.07,9.8
6.32,8.2
9.36,11.2
5.98,8.6
5.73,8.4
6.26,6.1
5.58,7.2
6.39,6.8
7.97,9.0
5.64,6.9
9.09,9.6
6.27,8.5
7.06,9.1
9.15,9.8
4.75,7.7
6.49,9.6
8.2,8.8
3.26,6.5
7.42,6.6
9.24,11.0
8.39,11.4
6.33,6.1
8.52,9.8
8.45,10.9
4.74,6.1
8.88,10.3
9.15,9.7
8.22,10.8
6.85,8.7
4.32,6.7
9.49,12.7
7.8,9.7
6.27,7.4
5.6,8.6
8.71,10.4
7.97,9.8
8.2,10.2
5.74,9.5
6.92,9.9
8.33,8.8
9.38,11.6
6.26,7.9
8.12,9.1
5.8,7.4
7.6,9.8
7.18,9.4
5.7,6.9
9.4,12.1
3.1,5.9
7.94,9.5
8.32,8.7
7.99,8.0
6.99,8.8
7.35,10.0
6.98,8.3
2.75,3.7
5.17,7.1
10.24,11.7
6.11,7.3
5.78,7.2
4.65,6.1
4.37,5.6
9.1,11.2
4.05,6.2
8.13,11.9
8.59,9.6
8.22,10.0
8.18,10.6
8.29,10.6
6.52,8.9
4.59,5.0
6.68,9.8
7.79,8.9
6.71,11.7
7.69,9.3
7.48,9.5
7.4,9.5
5.35,5.8
6.34,8.3
3.16,5.6
5.13,7.6
4.63,7.4
7.81,9.4
7.63,9.1
3.57,4.6
8.32,9.6
6.58,8.0
8.08,8.5
6.5,10.5
5.1,8.7
8.83,9.8
9.57,11.5
5.27,5.8
3.65,4.4
7.76,9.4
6.9,9.0
7.74,10.2
8.47,9.3
6.16,8.9
6.48,7.0
6.74,10.0
5.44,8.8
6.88,7.5
10.96,12.7
6.37,9.3
4.01,5.6
7.61,9.4
7.86,9.1
6.29,9.5
6.59,6.3
6.84,9.5
6.01,7.7
6.51,8.2
11.2,13.8
7.21,9.7
7.5,10.5
6.03,7.5
7.32,9.8
4.76,7.1
7.56,10.5
6.23,9.1
8.8,11.9
9.14,12.1
6.06,8.6
12.05,13.7
9.29,12.9
6.65,7.9
7.64,11.0
6.01,6.8
8.77,10.5
7.89,10.7
5.31,7.6
7.22,8.5
4.06,5.9
3.54,5.7
4.95,6.8
7.6,9.0
7.24,9.1
7.65,9.8
8.24,10.4
6.79,7.6
4.53,7.3
7.56,9.2
7.68,10.5
10.22,12.2
5.42,7.9
6.99,9.6
7.51,9.8
5.08,7.3
10.97,12.7
4.6,6.1
6.81,9.4
7.54,10.2
6.5,8.7
7.4,11.6
7.07,8.7
6.02,8.4
7.54,10.6
7.62,9.1
6.29,8.5
5.87,8.1
7.58,10.4
6.06,9.4
5.15,6.7
3.96,5.4
4.93,7.0
6.71,9.1
8.28,11.2
2.43,4.4
9.31,11.4
8.31,10.3
7.61,8.2
4.87,6.1
5.95,8.4
9.02,11.2
8.82,8.9
4.83,6.4
7.6,9.1
8.46,10.0
7.47,8.3
6.76,9.9
5.74,8.9
9.81,11.4
8.9,10.2
3.89,6.0
9.41,11.1
7.32,8.4
5.27,8.1
6.86,10.6
3.84,5.4
2.47,5.9
6.81,8.4
7.32,7.5
4.66,4.5
5.24,4.8
6.26,7.2
7.95,11.2
5.72,7.9
7.75,7.7
9.79,10.1
7.4,10.3
9.48,9.8
6.02,8.5
8.92,10.5
3.87,5.1
5.71,7.4
4.89,7.1
5.35,6.8
9.52,11.5
8.59,11.0
5.45,8.1
4.18,7.0
7.19,10.0
3.07,4.8
7.09,10.8
5.22,7.5
5.2,6.4
5.61,6.7
9.06,12.1
7.34,7.9
6.97,11.9
8.34,10.2
10.47,13.3
6.47,8.9
3.97,6.4
5.97,8.2
6.5,6.4
5.63,9.6
10.44,11.4
6.25,8.0
8.14,10.9
8.18,9.8
6.82,8.7
6.59,8.5
7.65,10.5
6.25,9.0
8.32,10.2
6.4,7.6
4.67,8.2
8.2,10.4
6.57,7.2
6.57,8.7
5.09,6.5
7.18,9.7
10.22,10.8
9.45,11.9
6.53,7.5
9.59,11.1
5.98,9.2
4.61,5.1
7.93,10.1
7.94,10.5
7.82,9.1
7.97,10.3
8.07,8.7
8.52,12.1
7.99,10.7
5.68,8.1
8.78,10.9
9.18,13.4
10.43,14.4
5.27,9.5
6.73,8.6
6.3,9.7
5.79,7.9
6.82,9.3
8.79,11.2
5.24,8.6
7.03,9.9
6.26,8.9
8.44,10.8
8.07,10.2
8.4,10.6
4.57,6.2
10.08,12.0
7.25,8.7
7.45,9.1
5.2,7.2
4.9,7.9
6.53,8.2
6.44,7.8
7.33,8.6
8.79,11.1
8.19,11.3
7.86,8.4
6.6,7.4
6.62,7.7
10.56,12.6
6.45,9.3
7.98,9.6
8.53,10.2
5.55,6.1
7.49,10.5
7.84,10.5
8.41,10.9
7.65,10.2
8.6,9.8
7.66,9.6
6.44,7.9
10.59,13.6
7.26,9.5
6.55,8.2
8.59,10.5
8.09,9.7
10.12,10.1
5.81,9.2
7.27,9.8
6.36,8.3
7.37,8.0
5.35,7.0
7.95,10.1
6.58,8.6
6.37,7.4
7.15,9.8
6.95,10.9
7.22,9.5
8.79,9.8
8.57,10.5
9.06,11.0
5.04,8.2
6.62,9.7
4.81,7.0
6.06,8.1
8.59,10.9
7.71,10.2
8.29,9.0
6.8,8.4
7.12,9.9
8.19,9.8
6.72,7.6
6.83,9.5
8.58,11.2
7.89,10.5
5.26,6.5
6.24,8.7
5.36,7.0
5.71,7.6
6.7,9.3
7.74,9.1
7.65,9.2
6.08,7.8
7.7,10.5
6.64,7.4
6.77,10.0
5.75,7.0
7.6,9.7
4.2,6.0
6.57,7.8
4.63,7.1
8.22,9.9
6.12,8.6
4.19,7.3
7.96,10.9
9.44,11.7
5.3,8.2
3.96,4.8
7.8,9.1
5.91,7.2
8.67,10.7
6.53,8.9
5.14,8.9
6.45,8.6
5.28,6.6
4.62,6.3
6.71,8.9
7.16,8.8
6.49,7.5
6.98,9.8
6.41,8.4
4.08,5.9
7.82,10.3
4.83,7.2
6.12,8.7
7.39,8.9
7.19,8.9
5.37,6.9
5.47,6.9
7.79,10.1
6.69,10.4
7.95,9.1
7.17,10.5
6.49,7.4
9.01,11.5
7.2,11.5
5.11,6.4
7.24,10.1
8.14,8.8
5.27,5.9
7.26,9.9
5.82,8.7
7.8,9.9
8.31,10.3
5.92,6.8
6.6,8.7
8.93,10.9
7.46,9.6
7.48,10.6
4.49,9.0
7.95,11.0
6.89,8.9
8.87,11.5
6.12,9.0
8.52,9.5
6.85,8.9
5.81,8.3
6.59,10.9
7.71,10.2
7.44,8.8
8.99,9.8
4.7,7.2
10.19,13.2
8.12,11.0
9.48,11.0
6.19,9.1
7.17,10.1
7.52,9.1
7.87,11.5
8.81,11.5
4.13,6.2
8.77,10.4
5.92,7.6
7.03,8.7
7.86,10.1
6.59,8.6
8.86,10.5
8.69,9.8
8.04,9.4
5.64,6.0
5.67,8.1
6.58,8.8
6.39,7.1
7.66,8.0
10.06,13.3
8.94,12.9
4.24,7.4
6.66,9.4
6.49,8.6
5.86,7.4
6.5,9.7
6.25,7.3
8.01,10.6
9.37,10.6
6.96,9.4
6.73,7.4
7.79,9.9
5.71,8.2
5.63,8.1
6.64,7.8
7.26,10.7
7.55,8.8
5.25,7.5
7.49,10.2
8.18,11.5
8.14,10.3
5.37,7.1
7.06,7.9
6.68,9.9
9.55,13.3
9.01,9.6
6.36,7.5
6.69,8.6
7.34,10.1
7.4,10.6
5.59,5.7
10.39,13.7
8.11,11.0
9.43,11.9
6.27,7.2
7.57,7.7
7.76,10.1
6.08,8.9
7.6,9.9
8.07,9.7
7.91,9.8
5.99,7.4
6.9,7.9
6.81,9.5
8.12,10.8
4.46,8.7
5.73,5.9
9.21,12.4
7.87,9.8
8.13,10.0
7.66,9.4
8.17,10.0
8.06,10.7
6.84,9.2
8.32,10.3
6.06,8.4
3.89,6.8
8.54,10.4
6.78,8.3
10.92,14.9
9.85,14.6
9.17,10.6
8.46,12.3
9.34,11.4
6.54,8.7
7.11,10.6
5.48,7.3
5.95,9.0
6.13,6.5
7.51,10.1
8.67,9.6
8.23,9.3
4.18,6.2
4.05,7.3
8.25,9.6
6.5,9.7
7.57,9.5
9.23,9.9
5.51,7.7
8.75,11.5
4.7,6.2
6.85,9.2
6.4,8.1
8.31,10.1
8.3,11.2
7.76,8.4
6.21,7.7
7.15,9.2
7.86,9.8
8.86,11.5
8.47,10.6
4.15,5.3
5.26,7.2
5.68,8.4
7.11,11.5
4.63,7.4
6.16,7.0
8.47,11.0
6.03,8.8
6.56,8.3
5.39,7.3
6.13,8.6
7.2,8.2
5.79,7.5
8.98,10.5
9.7,11.9
8.83,11.1
5.91,7.5
7.57,11.7
8.36,9.2
4.77,7.2
6.94,7.7
9.93,11.6
9.47,12.6
7.32,9.1
4.6,6.7
5.14,6.9
6.58,7.7
9.43,10.8
9.19,12.1
6.17,8.6
3.75,7.0
6.93,11.3
6.0,6.7
6.74,8.8
8.11,9.2
7.95,10.3
5.15,7.7
6.84,8.6
5.62,7.6
8.01,8.7
7.32,9.8
4.63,8.0
6.01,8.8
7.68,8.3
7.81,9.0
7.54,10.4
7.91,10.3
4.7,7.2
5.27,8.4
6.56,8.8
5.63,6.7
5.44,7.6
3.58,5.3
9.93,13.0
4.55,6.9
8.63,9.6
7.0,11.3
9.22,10.7
10.51,12.6
6.97,7.0
5.69,6.8
5.48,5.6
6.41,7.8
7.29,9.9
8.14,9.5
7.4,8.2
5.44,9.5
6.19,7.9
6.84,9.0
3.61,4.6
7.37,10.6
8.85,12.1
6.6,9.4
8.74,9.7
7.24,7.4
7.34,8.5
5.62,6.2
5.83,7.1
8.8,12.3
6.22,8.6
6.01,8.7
6.73,6.0
5.48,6.5
7.76,8.5
8.44,10.2
7.15,6.7
6.59,8.6
8.27,10.1
6.35,8.2
6.28,8.9
6.93,9.8
5.98,8.4
6.23,7.7
7.42,6.9
3.65,5.0
5.2,6.8
9.71,12.6
8.24,10.4
5.09,6.8
6.5,8.2
10.16,12.4
9.27,11.5
7.66,9.5
7.78,9.9
10.29,13.0
7.8,9.3
3.32,5.3
7.48,10.8
8.5,10.7
8.84,9.5
9.98,12.8
10.32,13.1
7.5,9.2
6.76,11.4
5.9,7.2
3.48,5.5
6.16,7.7
3.71,5.2
9.56,12.5
9.38,10.9
5.31,7.3
8.8,11.0
8.67,11.0
7.96,8.7
7.55,10.2
5.63,7.5
9.5,11.9
5.5,8.2
7.8,9.3
7.89,10.0
9.76,12.4
8.28,10.4
9.22,10.8
8.2,10.5
8.64,10.5
8.71,11.4
6.33,9.6
9.33,9.8
6.24,8.9
4.47,4.5
7.82,9.3
7.03,8.1
5.39,6.5
7.75,9.2
5.15,6.1
7.87,9.4
6.11,7.8
6.57,7.3
6.75,7.1
6.0,8.5
7.48,9.6
6.71,7.8
8.87,13.1
6.29,9.7
4.66,6.4
9.65,12.5
7.96,8.3
4.37,7.9
7.67,11.7
6.31,8.8
6.86,6.7
9.15,9.3
6.15,7.5
6.7,7.7
6.55,11.0
6.46,8.8
4.75,7.7
8.23,9.6
6.36,8.6
9.02,11.1
9.06,10.3
8.42,9.8
5.94,8.5
5.49,7.3
8.07,8.7
9.33,10.8
4.44,6.0
6.13,7.4
6.06,7.9
6.9,8.0
9.31,11.9
7.42,9.0
9.11,9.9
8.53,10.9
7.09,9.1
11.62,14.2
9.4,10.2
7.83,9.0
7.62,9.0
6.65,9.2
5.48,8.8
7.31,11.2
7.19,10.4
4.32,8.8
7.23,9.7
7.73,10.3
5.31,7.8
7.52,8.8
8.7,9.7
6.92,9.3
7.11,9.6
8.64,9.4
6.29,9.4
9.56,10.9
7.24,8.0
5.52,7.9
4.71,7.0
5.9,6.7
5.32,7.6
6.57,7.9
8.34,12.2
7.6,7.5
8.89,9.8
7.81,10.8
6.35,7.3
7.2,8.8
5.99,8.5
7.36,9.9
7.08,9.6
6.19,6.1
7.64,10.4
5.47,8.1
7.21,8.1
5.78,7.3
5.43,6.7
8.88,11.9
7.67,9.5
6.54,6.7
7.38,9.9
6.71,8.7
6.88,10.5
6.57,9.2
7.21,6.7
7.71,8.3
6.93,8.5
9.74,12.1
5.21,7.9
8.34,9.5
6.73,9.7
7.87,8.5
5.48,6.7
7.12,7.8
9.59,11.7
6.36,6.9
7.48,10.1
6.71,8.4
7.99,10.8
8.74,10.1
8.75,11.6
7.08,8.8
6.22,8.7
7.81,10.2
4.04,3.1
8.86,11.6
9.09,11.4
4.53,7.3
6.88,9.9
8.04,8.5
5.75,8.6
9.44,11.4
6.82,6.9
6.39,6.9
8.72,10.5
7.79,9.5
8.49,10.5
6.75,11.3
7.98,9.7
9.45,11.6
6.21,8.4
6.34,8.4
9.37,10.5
6.45,9.6
6.9,9.3
5.44,8.8
7.55,11.0
6.35,9.3
6.34,7.5
6.23,8.8
5.82,9.5
7.57,9.4
9.67,12.3
9.05,10.7
10.48,13.7
6.04,8.1
5.17,7.7
3.42,6.2
6.63,8.8
5.13,7.2
7.95,8.4
5.05,7.9
7.53,7.9
7.09,8.2
8.68,10.2
8.14,10.1
5.36,7.9
7.4,9.3
6.36,8.5
6.74,9.1
5.58,10.6
8.13,9.3
8.79,10.4
5.69,7.1
3.01,4.4
7.29,8.6
8.53,9.6
7.06,8.3
3.64,5.5
6.27,9.3
10.11,12.3
4.02,4.3
5.76,6.2
6.73,7.2
6.83,9.8
6.77,8.3
7.72,8.2
5.9,7.8
8.07,10.3
7.14,9.9
10.47,11.5
6.71,8.5
6.76,7.2
6.86,9.1
7.73,7.9
6.27,8.6
6.59,8.2
9.13,11.0
5.94,8.2
7.45,8.7
7.24,9.9
5.8,8.1
7.64,9.4
6.28,9.2
6.55,9.0
8.85,11.4
4.08,6.1
5.44,6.9
6.29,8.3
6.94,9.6
7.61,11.2
6.14,7.8
6.38,7.8
8.0,9.4
10.61,13.6
5.37,6.1
4.43,8.0
6.59,9.3
5.53,7.5
6.82,9.4
7.42,10.7
6.11,7.3
7.22,9.1
6.82,9.3
7.05,9.0
4.55,6.2
4.78,6.4
7.22,9.3
9.46,11.4
8.1,8.5
6.84,9.2
6.01,8.1
6.39,8.9
7.52,9.0
6.59,7.9
7.26,9.1
6.37,8.6
9.44,12.8
5.7,8.3
6.61,6.4
5.79,8.3
6.97,9.3
6.89,8.0
11.89,13.6
6.67,10.0
6.72,7.2
5.84,7.9
5.73,7.3
7.59,9.2
7.07,9.3
7.15,9.2
3.56,5.5
4.74,7.4
5.86,8.8
7.83,9.2
7.95,10.4
4.18,5.9
6.43,8.8
4.97,6.6
9.64,12.2
5.59,9.5
8.08,9.5
4.93,6.8
5.62,9.0
7.31,9.4
5.34,8.1
5.98,7.1
7.07,9.6
10.41,12.4
10.63,12.9
7.27,10.1
5.94,8.5
6.16,8.0
8.78,13.0
7.84,11.6
5.87,6.8
7.23,8.4
5.19,7.5
8.84,10.1
8.21,10.1
6.16,7.6
6.53,8.2
6.78,9.3
8.83,10.9
7.73,9.4
9.81,11.7
8.54,11.7
5.91,6.7
6.81,8.5
8.19,11.6
8.89,10.6
8.65,11.1
5.74,7.6
7.92,10.1
7.81,10.4
3.81,4.1
5.82,7.9
4.94,8.8
7.82,9.7
4.23,7.8
6.27,8.2
6.53,8.8
6.09,8.9
9.57,11.9
5.35,8.2
3.64,5.7
5.08,8.8
7.55,9.9
6.19,7.7
8.8,9.5
6.48,7.8
8.33,11.4
7.64,9.2
5.2,5.3
7.48,11.4
4.95,6.5
7.26,10.4
7.0,8.8
6.49,8.9
6.71,10.0
7.3,9.6
6.9,8.9
8.46,11.6
9.41,10.8
5.98,7.2
7.54,9.9
8.45,11.4
6.22,9.1
4.66,7.2
7.21,8.5
3.1,4.3
8.66,9.2
6.79,8.6
5.72,7.5
6.51,7.9
6.79,8.3
8.8,8.5
6.88,9.7
6.68,8.7
7.22,7.7
8.02,11.0
6.17,12.1
6.91,8.2
10.1,12.5
6.32,7.0
9.24,11.6
6.1,8.4
8.08,9.9
7.7,10.6
7.35,10.6
6.62,9.7
7.45,10.1
8.25,11.0
5.28,7.1
6.85,8.6
7.64,10.8
6.51,9.0
7.14,9.5
8.42,10.9
5.02,8.2
9.39,11.5
5.57,8.1
8.71,9.9
6.81,10.4
4.75,7.3
7.35,10.0
4.61,7.2
6.9,8.6
5.89,7.6
4.53,8.4
5.37,8.7
7.1,9.5
6.23,8.1
5.66,6.7
5.33,8.1
7.79,11.0
3.08,5.3
8.75,11.2
4.68,6.7
6.38,9.6
5.69,8.9
7.13,9.9
5.95,6.7
6.43,9.0
5.78,9.5
7.24,10.7
9.06,12.7
8.18,9.3
7.56,8.9
6.17,8.6
7.48,9.3
8.15,12.2
9.81,12.0
5.99,6.3
7.53,7.7
6.14,7.6
5.34,6.7
6.99,8.2
8.53,9.2
6.0,8.9
7.17,8.5
9.92,10.7
9.06,10.8
8.81,11.6
7.2,9.3
6.05,6.6
5.99,7.5
5.55,7.7
6.72,7.9
7.03,8.8
7.67,9.6
7.9,9.6
8.3,11.7
8.2,9.0
8.18,11.4
7.68,8.7
6.08,8.9
6.92,8.7
7.94,9.7
6.57,7.5
7.99,10.5
10.38,12.8
4.99,5.8
5.96,7.6
7.8,9.9
8.58,11.6
6.59,10.0
6.52,7.9
5.11,6.7
6.16,8.8
8.24,9.4
8.36,10.2
6.42,7.7
8.38,8.3
7.62,11.0
4.91,6.9
7.26,9.2
4.55,5.7
5.2,5.6
7.83,9.3
8.38,10.7
6.16,8.4
3.87,4.3
5.45,7.6
9.1,11.1
11.93,14.6
8.31,11.4
7.21,7.7
8.1,10.5
6.91,8.8
6.42,9.3
6.57,5.9
6.04,9.1
6.11,8.4
7.47,9.5
5.55,8.2
9.51,12.5
4.81,7.1
7.34,9.3
7.41,10.5
8.21,10.9
6.18,9.3
7.12,9.1
5.95,9.7
5.92,8.5
9.0,10.7
5.83,7.3
6.22,7.9
8.48,10.6
7.74,10.4
6.19,10.4
7.63,11.5
6.95,9.3
9.65,10.0
5.23,6.8
7.69,11.2
6.2,9.6
7.22,9.1
7.27,8.8
5.5,4.9
10.23,12.3
5.8,7.5
7.94,9.8
5.52,8.4
9.83,10.7
8.76,10.8
8.91,10.4
9.11,10.4
8.14,12.2
8.11,9.2
7.32,8.4
6.13,9.9
7.45,9.0
6.43,8.5
6.65,9.2
4.11,8.3
5.89,8.8
4.87,6.7
4.88,7.3
6.46,7.9
7.48,9.5
8.2,10.2
7.02,9.2
5.09,9.0
5.86,6.2
4.66,7.0
6.75,10.2
5.84,7.9
10.83,12.9
5.94,8.8
7.56,10.0
7.29,11.0
5.54,8.0
6.18,9.5
6.61,9.2
6.4,8.6
7.86,10.8
4.55,6.2
5.48,8.5
5.25,6.1
6.53,9.1
7.7,9.7
7.41,7.9
5.14,6.5
6.06,10.2
7.55,9.7
9.42,11.8
6.6,9.9
10.38,10.6
7.57,10.9
7.17,8.1
7.85,9.5
5.54,6.4
7.81,9.9
9.56,11.3
6.22,6.5
7.03,9.4
6.15,8.4
8.25,8.9
6.9,10.5
6.07,9.2
5.6,9.3
6.54,7.7
8.4,9.8
6.78,8.4
9.71,13.0
6.04,6.9
8.19,9.4
5.18,7.9
5.5,8.1
7.27,10.3
8.0,10.3
9.13,11.5
7.54,10.6
7.19,10.3
5.36,5.4
5.68,7.5
7.93,10.0
5.52,8.5
3.22,5.2
6.68,6.6
8.58,9.6
7.41,10.6
6.0,7.6
7.95,10.3
7.19,9.1
6.74,7.1
5.41,7.3
8.93,9.1
9.34,12.8
8.64,8.6
6.17,7.4
6.24,7.8
7.05,9.4
9.51,10.5
6.64,8.7
7.91,11.5
4.86,6.6
6.77,11.2
7.29,10.1
6.58,8.7
6.48,10.2
8.59,11.5
7.77,10.6
7.6,9.8
8.87,10.9
6.67,7.4
7.4,8.5
8.14,10.2
10.05,13.9
7.21,9.9
6.87,9.4
6.9,8.7
7.92,8.6
6.74,8.2
6.8,9.1
6.1,7.9
10.11,12.5
5.71,7.9
6.28,8.6
5.5,8.1
6.62,7.9
6.15,8.0
6.85,10.2
6.47,8.5
6.32,8.7
4.66,7.7
6.7,9.1
5.07,7.3
8.06,12.3
5.57,9.2
6.21,8.8
4.45,6.6
8.35,10.3
7.03,8.7
7.52,8.6
4.14,5.8
6.05,8.0
7.89,8.9
8.69,11.1
8.29,10.3
5.22,5.0
7.71,8.6
6.84,7.2
5.8,6.7
7.74,9.6
6.8,7.9
3.26,6.8
7.83,10.1
8.85,9.3
8.83,10.0
4.98,6.3
6.43,8.4
8.13,8.9
7.68,8.9
8.06,9.2
4.01,5.1
5.67,6.3
5.37,6.5
10.26,14.2
6.43,7.8
7.25,11.3
8.16,9.2
10.74,11.3
6.79,7.8
7.77,8.8
4.98,6.9
8.34,10.8
5.72,7.1
7.03,9.5
7.89,9.5
3.92,5.0
6.42,8.4
7.28,7.9
7.71,8.8
6.49,8.2
9.56,12.1
8.49,9.2
5.6,7.6
4.16,7.5
5.22,8.1
9.27,12.9
5.04,5.9
7.84,9.7
7.58,9.8
4.41,7.0
8.45,11.0
7.98,9.0
9.77,12.4
5.61,9.0
7.18,10.2
8.28,10.4
4.13,8.1
9.16,11.0
5.87,6.3
5.7,6.8
8.68,10.4
7.0,7.9
9.37,11.9
9.84,10.1
4.47,6.5
6.5,7.7
5.21,5.4
5.46,9.8
8.65,10.5
6.91,9.3
6.0,9.0
6.23,9.4
6.54,7.2
8.73,9.5
6.98,9.5
8.04,9.4
8.64,8.8
7.65,10.3
6.95,9.7
7.97,10.4
5.99,9.4
7.21,11.5
4.84,7.5
7.6,10.0
7.39,8.2
6.03,7.0
7.71,8.2
6.88,8.2
7.18,10.1
6.57,8.2
5.77,7.1
8.71,9.0
7.03,8.5
7.07,7.7
6.22,9.2
7.08,8.9
8.59,8.6
8.67,11.9
5.33,5.2
8.42,10.9
8.92,9.8
5.84,7.1
6.83,7.8
5.01,5.8
4.45,7.4
5.52,6.2
6.81,9.0
7.17,10.7
8.58,8.9
5.96,6.1
7.75,10.6
8.09,10.5
6.27,8.8
7.23,10.7
6.94,10.9
11.06,12.6
7.06,9.2
7.15,8.0
2.81,4.5
12.43,12.9
6.14,9.1
4.1,4.6
7.76,8.3
4.73,9.0
6.26,7.9
5.72,7.5
7.21,9.2
10.08,11.8
5.5,7.4
6.15,6.7
6.62,8.7
7.52,9.1
7.28,7.9
7.1,8.5
7.01,9.3
7.3,10.6
6.1,7.9
9.24,11.7
3.66,3.8
5.74,7.5
5.41,8.6
6.93,8.6
6.62,6.8
6.54,7.9
6.12,9.8
8.09,10.3
3.99,4.7
4.72,6.6
6.98,9.9
5.27,4.4
5.13,4.0
5.54,8.2
5.39,6.0
5.32,6.7
8.52,8.1
6.32,9.0
8.53,9.4
11.12,13.1
8.33,9.4
6.25,7.1
6.36,9.1
3.35,6.8
6.37,8.0
6.58,9.3
6.9,9.0
7.55,8.3
7.65,11.1
7.8,7.0
8.32,9.7
7.79,10.4
7.14,7.9
7.98,10.4
6.99,9.4
5.43,8.0
4.73,6.3
9.52,11.8
6.5,8.5
10.43,10.1
6.24,8.1
6.94,9.5
5.74,8.2
8.25,11.2
4.64,7.5
5.97,8.9
3.98,6.6
8.41,10.5
7.79,9.7
8.58,10.3
10.66,12.1
6.36,8.3
7.9,10.1
6.08,7.5
6.67,8.9
8.91,11.6
6.92,10.2
7.06,9.9
6.26,8.8
7.33,10.8
7.79,9.4
4.24,7.1
6.69,10.5
8.77,11.0
6.48,10.2
6.54,8.1
8.53,11.2
6.53,10.0
6.66,7.9
7.11,9.7
4.9,6.7
6.01,6.5
7.88,9.9
5.82,8.7
7.58,8.8
5.15,6.1
5.87,8.7
8.11,7.9
9.39,11.6
7.11,8.6
9.43,11.0
7.2,10.9
6.85,9.2
5.48,9.1
6.78,8.1
8.55,8.9
4.53,6.3
7.09,7.9
4.72,5.7
9.18,11.7
11.23,12.3
4.13,7.9
7.87,10.8
6.43,7.5
6.32,8.3
7.33,11.0
6.07,8.9
4.76,6.9
8.34,12.1
5.05,5.8
6.49,9.8
8.73,11.2
7.51,9.7
6.16,9.2
7.93,11.6
5.74,8.8
5.34,9.6
7.59,9.1
5.04,7.0
4.66,9.2
7.31,9.6
7.24,9.4
8.42,10.3
7.93,10.8
4.75,6.9
8.65,8.4
5.92,7.4
7.92,9.5
7.14,8.7
5.76,7.6
7.21,10.7
7.39,10.8
7.3,7.6
6.65,8.9
9.12,11.1
6.48,8.4
6.34,8.8
5.2,7.8
8.77,13.1
3.82,6.2
4.0,5.2
8.18,9.9
5.94,9.6
5.4,8.1
6.46,7.7
6.6,8.5
4.13,7.7
4.28,5.4
7.07,9.6
7.0,7.0
7.76,9.6
9.02,11.1
6.07,9.2
6.69,9.9
8.69,11.1
8.66,8.8
5.71,7.4
8.87,10.4
6.2,8.8
7.48,9.5
7.63,9.2
7.62,9.1
8.02,11.2
9.67,10.8
3.57,4.9
7.97,9.7
5.42,8.4
9.03,12.2
6.23,8.5
6.84,7.7
5.46,7.4
6.0,7.0
8.96,11.3
6.21,8.8
5.89,8.8
7.46,10.5
6.73,9.8
7.0,8.3
7.05,9.9
4.77,5.4
7.5,9.0
7.14,7.8
9.74,13.6
8.6,12.6
7.66,9.9
9.36,11.7
7.76,9.6
7.24,9.4
8.94,11.7
5.41,8.3
5.24,8.7
5.81,7.6
6.99,9.4
6.18,8.2
8.45,9.9
7.88,9.7
6.06,6.7
6.76,7.3
6.86,7.7
9.36,9.4
9.11,12.8
9.71,10.2
5.43,6.7
8.37,9.8
5.4,7.9
4.66,4.7
6.7,8.0
8.27,10.2
4.6,7.7
6.78,8.8
5.12,6.6
6.99,8.5
4.88,5.6
5.25,7.1
5.19,6.8
5.31,7.4
6.53,7.6
7.05,8.6
5.33,5.8
8.19,9.2
5.38,8.1
9.06,10.4
8.78,11.0
4.41,6.1
4.81,7.0
8.23,9.0
7.56,10.7
9.7,12.2
7.93,10.3
9.08,10.3
7.61,9.6
4.54,6.1
7.87,10.3
5.19,7.6
6.62,7.9
8.15,10.7
5.36,8.8
8.28,10.2
8.64,10.3
7.65,9.8
5.41,6.4
7.55,9.9
6.24,8.0
5.38,6.8
7.02,8.4
4.82,7.1
6.56,7.9
7.27,10.6
6.66,9.1
6.63,7.7
9.07,9.1
5.6,8.5
7.64,9.1
6.8,10.2
8.67,11.4
6.04,7.4
6.06,7.3
8.01,10.7
5.35,7.1
8.75,12.2
8.16,10.2
5.47,6.8
6.15,9.6
6.72,8.8
5.41,8.7
6.72,8.7
7.25,10.3
6.52,7.5
6.8,7.5
9.44,9.5
7.88,10.2
6.51,7.5
7.75,10.6
7.9,10.5
6.01,7.3
5.87,7.1
8.98,11.7
8.48,11.3
8.69,12.6
8.72,7.6
6.29,8.4
7.28,8.9
8.4,12.3
5.49,8.0
6.23,7.8
5.28,8.4
8.66,10.4
10.13,11.9
7.13,8.5
7.41,8.7
8.18,8.0
5.89,9.1
4.54,7.0
4.88,5.8
4.01,6.3
10.23,12.3
5.32,5.9
9.46,11.5
4.92,6.1
7.31,7.4
5.53,5.6
5.33,7.4
5.39,7.1
8.04,8.6
3.23,5.8
5.29,5.7
9.82,11.4
10.41,11.9
7.17,7.9
7.3,8.4
9.37,10.2
5.79,8.3
7.08,9.7
4.4,6.9
8.1,10.4
6.98,9.3
5.19,6.4
6.88,8.9
7.93,11.6
9.2,11.5
8.27,9.8
7.95,10.0
7.06,8.5
8.27,10.7
4.17,8.1
4.9,5.8
5.42,9.2
8.31,10.1
6.49,9.5
7.49,9.7
6.08,7.4
7.63,10.1
6.27,8.4
8.4,11.1
6.02,7.5
8.69,11.7
9.45,11.4
7.23,9.3
8.46,8.6
7.74,8.2
6.48,7.6
5.71,8.0
6.68,9.2
7.32,7.7
7.99,9.1
8.13,10.1
6.62,8.2
7.81,9.8
7.91,11.7
7.19,8.9
7.34,9.6
7.45,8.8
5.88,6.6
6.27,7.2
3.21,4.3
4.84,7.8
7.61,11.0
8.48,9.1
9.78,14.1
8.46,10.7
8.85,10.8
9.46,10.9
6.83,7.8
6.52,8.7
8.43,10.9
5.64,7.2
5.79,8.8
6.99,9.2
6.68,9.4
5.8,8.5
8.44,10.9
7.27,9.3
6.43,8.8
8.87,10.6
6.4,8.2
8.0,11.6
8.15,9.5
7.32,8.9
7.57,10.1
5.32,7.4
6.57,7.2
9.48,12.6
7.34,11.0
6.46,6.8
7.92,10.6
6.09,7.9
5.67,7.3
3.73,6.3
8.92,10.2
5.37,8.1
6.17,9.3
8.88,12.7
5.58,7.8
6.47,9.3
7.09,9.4
6.83,8.3
9.4,12.9
7.35,7.9
8.25,11.4
5.5,6.8
6.98,8.4
6.3,6.1
4.86,6.9
11.11,13.6
6.6,9.5
5.72,6.0
7.29,9.1
4.61,6.5
5.14,6.3
7.17,10.6
6.81,8.0
8.12,10.1
9.18,12.1
8.05,11.1
7.56,9.9
6.0,6.0
5.78,8.3
8.84,10.9
7.6,9.0
6.44,8.6
8.32,11.1
9.27,10.8
9.74,10.9
8.0,10.3
8.47,10.9
7.45,10.8
4.62,6.5
8.85,10.7
9.29,12.7
4.61,7.0
7.6,9.1
6.21,8.5
5.08,7.8
7.2,10.4
4.8,6.8
7.79,9.6
8.63,9.6
7.5,10.2
6.31,7.7
7.26,10.7
5.75,6.7
7.29,10.0
4.69,6.9
8.33,10.8
6.31,8.5
10.02,12.0
7.26,10.4
6.13,6.6
9.64,10.7
8.01,9.9
8.09,10.7
6.54,7.8
5.61,6.4
10.63,12.9
5.19,6.0
6.04,8.0
7.22,8.2
4.52,7.1
6.04,10.8
8.76,8.8
8.97,10.4
5.9,9.4
8.02,11.0
6.55,8.4
5.39,6.5
7.76,8.2
7.27,9.1
9.5,10.6
7.06,10.0
7.68,10.5
6.03,8.6
5.23,7.0
4.2,7.2
6.46,9.1
6.34,8.9
8.12,9.4
6.51,8.7
4.69,7.8
5.99,6.8
9.0,10.6
7.12,6.4
6.61,8.9
7.29,11.6
7.75,9.5
8.0,12.3
6.51,9.8
8.63,10.6
7.2,9.5
5.06,7.1
5.53,7.1
8.02,9.7
5.43,7.6
6.0,8.1
6.19,8.6
7.47,10.0
8.2,11.3
7.83,9.6
7.9,7.9
5.13,8.4
4.63,8.5
6.43,8.8
4.12,6.3
6.3,8.1
9.78,11.0
5.38,6.6
6.63,7.6
10.01,11.4
5.65,7.1
6.97,10.6
7.37,9.9
7.92,10.6
7.75,9.8
7.11,7.7
6.35,9.0
4.8,6.7
6.88,10.2
7.04,9.8
8.19,12.1
6.72,10.3
6.86,8.7
7.72,10.2
8.12,11.0
6.64,9.1
5.34,6.9
4.21,5.5
6.9,10.3
4.71,5.9
6.32,8.9
7.45,8.7
9.26,10.3
8.52,9.3
10.43,11.7
5.94,9.3
5.93,6.9
8.28,10.6
7.97,10.3
6.47,9.2
6.77,9.8
5.86,7.7
4.81,7.0
7.36,8.8
9.07,11.5
7.36,9.0
7.21,10.4
7.96,10.0
5.61,7.0
4.69,7.6
6.42,8.5
7.16,10.1
6.61,9.5
6.44,7.2
8.56,11.2
8.51,9.8
6.23,6.7
8.85,10.8
6.37,9.3
9.17,9.7
7.65,9.1
9.39,12.2
3.77,6.3
7.14,6.5
6.65,8.3
6.11,7.4
6.56,9.0
7.38,8.8
7.1,7.4
7.51,8.1
8.26,11.9
3.83,6.5
9.96,11.5
5.98,8.7
8.82,11.2
6.25,7.6
10.6,14.8
8.27,9.4
9.26,11.1
6.24,9.7
5.77,8.0
8.49,10.1
5.23,6.3
8.11,11.3
6.54,8.5
9.2,11.4
9.21,11.5
9.96,13.4
8.62,12.0
8.98,9.8
6.67,9.9
7.05,7.3
5.0,8.7
6.95,8.8
7.42,9.1
5.17,8.0
6.93,8.3
7.14,8.0
9.34,12.3
4.99,6.6
7.65,9.1
5.79,8.3
7.16,11.0
8.28,9.9
7.52,10.5
8.25,10.3
8.77,10.2
7.12,10.4
5.64,9.1
6.84,9.6
3.47,6.4
5.75,8.7
8.15,10.9
4.56,6.1
5.02,7.7
6.71,8.1
8.69,11.3
6.26,8.2
9.8,11.1
3.71,6.3
11.01,13.0
7.9,11.9
8.43,9.2
4.12,6.0
7.38,9.3
9.5,11.1
6.6,7.4
6.57,6.2
7.06,9.1
5.85,7.3
6.82,7.9
9.11,11.5
7.16,9.3
6.23,7.7
9.94,12.6
5.18,6.3
7.61,8.4
7.36,8.5
8.53,10.7
7.53,11.7
3.1,3.1
7.89,10.3
8.2,8.9
10.12,11.5
9.4,10.5
8.14,8.2
7.75,8.8
6.89,9.8
3.67,6.7
6.93,10.2
7.22,8.6
8.23,8.5
6.75,6.4
8.19,11.2
4.0,6.1
7.09,8.3
8.5,11.4
7.79,8.6
8.91,11.6
7.68,10.3
6.37,10.0
4.78,6.9
5.8,6.3
6.44,9.9
8.34,9.4
8.4,10.2
7.13,8.5
7.08,9.1
7.0,7.7
6.26,10.0
6.16,6.9
3.74,5.2
7.5,9.7
4.24,6.4
7.24,8.9
6.29,6.9
8.24,9.9
7.26,10.2
6.58,9.7
6.33,9.5
8.92,12.1
4.79,5.7
9.47,9.4
8.67,11.7
10.33,11.7
3.77,5.1
5.0,6.1
7.49,8.3
8.04,10.3
8.42,10.3
4.88,6.9
7.01,10.3
6.61,9.4
6.4,6.5
8.99,9.7
7.93,11.5
5.07,6.6
4.69,6.8
5.6,8.8
5.43,7.0
6.34,8.9
7.76,10.4
6.52,7.9
6.78,10.3
8.71,10.0
7.06,7.0
4.75,6.1
5.0,5.9
5.56,8.1
9.91,13.1
2.92,5.5
5.93,8.3
8.21,11.4
5.27,9.0
6.2,8.3
6.06,7.5
8.73,11.4
9.7,12.1
8.31,11.9
9.6,11.6
5.71,6.4
5.2,7.2
6.11,7.3
8.23,10.2
5.67,8.1
8.27,9.5
6.16,8.6
8.33,10.5
7.41,10.6
8.63,10.3
4.44,7.0
4.93,7.7
6.74,9.2
8.15,9.7
7.19,10.0
8.52,12.1
7.5,8.9
7.02,9.1
8.28,11.0
4.18,7.0
6.3,9.0
5.37,7.5
4.61,7.3
9.28,11.6
6.01,7.2
5.56,7.8
9.42,11.0
7.46,9.3
7.38,10.5
6.82,9.4
7.53,10.8
5.89,7.2
7.66,10.6
7.45,8.2
7.23,9.4
4.95,7.9
7.61,10.1
7.44,9.0
8.39,11.3
8.12,9.9
6.3,9.1
6.2,8.5
5.87,7.2
6.61,8.4
6.19,5.8
4.84,8.5
6.95,9.0
5.25,7.9
8.2,10.7
7.17,9.3
5.06,7.1
9.89,11.2
8.16,10.4
6.33,7.2
5.52,6.3
5.71,8.1
8.23,9.9
7.8,10.9
7.6,10.2
6.44,10.1
7.97,7.9
7.09,8.2
5.65,8.0
5.68,6.7
6.38,9.7
6.08,8.7
6.29,8.1
5.37,6.7
8.72,11.0
7.88,8.0
7.79,10.7
5.48,5.7
5.36,7.2
8.61,9.9
6.95,8.8
8.05,10.4
8.03,11.5
7.08,8.9
7.77,10.1
6.63,9.1
8.59,10.4
6.04,9.2
8.73,10.3
8.78,10.1
7.08,9.1
9.15,11.4
10.37,11.8
5.52,6.8
6.84,9.5
4.69,6.6
5.15,7.4
7.48,8.7
3.4,4.1
7.75,10.3
7.92,9.4
7.83,12.0
8.61,11.4
8.83,11.3
5.35,5.6
7.15,9.5
7.4,9.6
6.82,8.5
7.83,10.6
7.71,9.1
6.61,9.3
9.26,9.8
8.26,10.9
7.0,8.5
8.62,11.5
6.9,8.1
7.67,10.5
7.4,9.9
9.23,12.5
8.16,10.1
3.8,4.8
8.58,9.7
8.38,9.2
6.68,9.6
6.87,8.5
4.52,6.5
7.94,10.4
6.7,7.9
5.53,6.4
5.88,8.9
4.95,6.0
6.63,10.3
7.57,9.7
9.52,10.3
3.56,5.9
6.69,9.9
7.09,8.2
8.3,9.7
6.64,6.6
8.84,9.9
7.3,10.1
7.16,8.2
7.57,8.3
6.57,9.0
10.39,12.9
7.34,9.1
8.75,11.3
6.82,8.4
6.67,10.5
5.5,8.2
8.71,10.9
7.12,9.1
7.78,10.0
6.86,8.9
9.86,11.4
6.64,9.3
6.3,8.1
7.05,10.3
3.09,3.5
5.55,6.1
8.74,8.9
5.71,6.1
7.62,9.1
5.19,8.0
6.58,8.2
6.58,7.5
7.17,9.1
4.69,5.5
6.08,7.6
8.42,9.2
7.45,9.2
6.27,8.1
8.41,11.3
8.76,11.9
9.1,11.6
8.78,11.8
5.25,6.1
4.66,7.2
7.85,9.9
4.06,7.5
9.49,12.2
6.02,7.5
8.51,10.1
5.35,7.8
6.9,10.3
5.53,9.1
8.26,9.6
5.98,7.8
7.23,10.4
7.88,10.5
7.25,9.0
9.06,11.7
5.21,8.2
8.19,10.1
6.14,9.3
5.52,6.0
6.42,8.5
6.64,9.5
4.39,6.9
7.75,11.4
7.49,9.4
8.11,10.6
7.99,9.8
5.63,7.7
9.34,10.8
7.99,10.0
8.2,10.7
7.99,11.5
9.24,10.7
6.19,7.0
8.14,10.9
5.36,7.9
6.95,9.4
5.98,8.7
4.86,7.0
5.18,6.7
8.99,10.0
5.52,6.3
8.49,11.4
5.01,7.2
7.09,8.7
6.29,8.2
3.88,5.2
7.89,9.0
8.66,11.0
6.29,8.7
6.42,8.8
9.16,12.0
6.05,7.7
5.55,7.0
8.03,10.5
6.99,8.6
6.21,8.8
5.65,8.9
10.92,12.8
7.61,9.6
7.73,8.3
8.43,6.7
7.72,8.3
8.34,10.9
7.53,11.2
4.9,7.6
8.02,10.9
5.65,7.5
6.36,7.3
8.54,11.9
5.79,6.8
7.58,9.2
7.23,9.8
4.87,7.6
4.82,7.2
6.6,11.2
6.22,9.3
4.94,6.1
8.0,10.6
6.91,9.3
7.72,9.6
4.48,6.5
5.2,7.9
6.68,8.3
8.0,10.9
9.19,11.3
7.05,7.6
9.12,11.1
8.75,10.0
8.61,9.7
9.69,12.2
5.04,7.0
6.84,7.9
9.12,10.6
8.02,10.7
7.78,9.3
5.73,7.7
8.4,11.0
5.69,7.2
5.05,5.7
5.9,9.1
7.02,9.4
7.17,10.5
5.32,7.1
6.83,8.6
9.59,10.6
5.85,8.4
8.7,11.0
6.42,9.7
7.6,8.8
6.36,6.8
7.14,6.9
7.76,8.7
5.9,6.4
4.06,5.0
8.41,9.7
6.39,7.4
5.38,8.7
6.02,9.5
7.68,7.7
4.82,8.2
7.92,9.6
9.92,13.4
5.92,8.1
6.0,8.3
6.45,7.5
7.27,10.8
5.11,7.0
8.51,12.3
5.83,7.8
6.14,7.7
7.75,9.0
5.79,7.4
5.57,7.8
4.24,5.8
4.83,6.7
5.3,7.9
8.97,10.9
7.18,9.3
6.68,8.6
6.89,10.2
7.1,8.9
5.35,7.8
6.24,8.3
8.5,10.4
5.63,6.3
7.59,10.4
5.47,6.1
3.91,5.6
7.97,9.6
8.03,9.2
8.24,8.3
8.35,11.6
6.63,8.7
9.13,10.0
8.65,11.3
6.22,10.1
8.03,12.5
6.69,9.4
9.03,9.8
6.64,8.4
5.01,6.7
9.35,9.0
8.99,10.9
7.42,8.5
5.37,7.3
8.14,10.3
7.27,7.5
5.73,8.8
5.45,8.5
7.48,9.4
4.75,7.7
8.11,10.4
6.26,7.6
9.01,11.5
9.11,10.7
6.48,6.0
5.99,7.6
7.38,8.8
7.91,9.2
6.09,8.0
5.73,7.0
5.92,8.0
7.64,9.5
6.19,6.3
6.21,8.1
5.73,7.7
4.62,5.5
7.97,11.0
5.97,7.8
4.34,7.1
5.67,7.7
7.26,10.6
9.31,10.6
10.4,11.0
6.94,8.9
5.43,7.2
6.56,9.5
7.13,9.3
8.29,10.4
8.38,9.5
6.81,8.9
8.36,9.2
6.84,7.6
4.67,8.9
6.3,7.6
7.98,10.3
6.69,9.4
7.95,8.4
7.21,9.8
9.8,12.0
5.79,7.2
7.78,11.3
8.69,10.8
6.74,7.3
6.89,9.6
6.77,8.9
7.52,9.2
5.75,6.7
7.11,9.1
5.02,6.1
4.94,6.9
6.96,10.4
5.01,7.7
10.04,10.9
7.57,8.7
7.83,9.9
4.71,7.3
5.59,6.8
6.25,11.4
8.66,10.7
8.24,10.4
8.26,10.5
7.45,8.7
9.97,12.0
8.81,11.8
9.56,11.8
10.24,12.2
7.91,8.2
5.15,5.7
6.88,8.3
4.53,7.1
7.69,10.7
9.07,12.2
7.09,10.5
6.15,8.2
5.9,7.3
8.06,10.0
6.42,7.8
9.34,10.1
10.77,12.1
7.77,9.3
5.9,6.6
4.62,6.9
5.89,8.1
8.46,10.3
8.64,10.6
5.72,8.3
7.75,11.5
10.7,11.7
6.15,8.3
6.53,7.7
5.96,8.7
8.92,11.7
7.36,10.0
7.21,9.5
7.76,10.8
5.45,7.8
9.27,12.5
7.16,10.9
6.51,8.1
7.6,9.2
7.1,10.5
9.22,9.9
5.73,7.2
8.73,11.5
7.96,8.4
7.21,9.7
7.47,10.9
6.97,10.3
8.99,11.0
7.17,9.4
4.42,5.9
5.68,8.6
8.9,10.3
8.26,11.2
4.77,7.0
6.99,9.7
7.53,11.0
8.59,8.7
5.12,5.4
6.96,8.0
6.89,10.0
3.85,4.0
8.27,12.5
6.89,8.6
6.86,8.2
5.5,6.5
8.24,11.8
7.9,10.7
6.93,7.5
5.43,7.8
6.69,6.3
6.54,8.7
9.13,10.1
9.79,12.7
6.07,7.4
5.49,6.9
7.72,9.1
9.13,12.6
4.08,6.8
9.31,10.3
6.34,8.1
6.2,7.9
5.17,7.5
7.15,8.1
5.77,7.2
6.04,7.4
4.67,7.9
5.84,6.5
8.62,12.1
6.33,8.5
5.82,8.8
4.93,8.5
7.29,10.9
9.94,10.9
8.24,10.6
8.52,10.6
9.45,11.8
9.2,12.0
6.18,8.6
5.65,7.1
8.54,10.2
7.92,10.4
7.5,8.7
6.71,7.7
4.19,5.0
8.56,10.0
5.85,8.3
5.83,7.9
5.78,8.8
5.2,5.9
7.59,10.4
9.63,12.4
8.46,11.0
6.47,8.3
7.66,9.6
6.3,9.4
5.48,6.3
7.28,9.7
6.01,8.3
7.5,8.5
7.51,10.0
4.81,6.6
9.97,12.4
9.82,10.8
6.16,9.4
4.57,6.9
9.32,11.5
6.07,7.8
6.39,9.9
7.94,9.7
6.42,8.1
6.35,7.5
6.39,9.6
7.04,8.3
9.28,12.1
8.51,10.3
5.04,7.0
6.17,8.3
7.62,10.4
5.24,6.1
6.63,7.9
6.11,7.7
6.7,8.1
8.9,11.4
6.89,11.2
8.9,11.0
7.11,7.9
7.92,8.4
7.19,8.8
7.47,8.0
6.02,10.1
7.97,8.3
7.69,8.9
7.95,11.2
6.69,8.2
6.63,7.1
6.38,8.9
8.56,11.4
5.67,7.7
6.31,9.0
6.43,8.0
5.87,7.1
9.78,12.3
5.78,9.8
6.92,8.6
5.3,7.3
5.29,7.1
7.14,9.3
6.31,8.4
7.24,11.0
7.63,8.1
7.54,8.8
7.31,11.0
8.42,10.4
6.6,8.8
6.65,8.9
8.21,9.6
7.58,8.7
6.99,9.8
7.78,11.1
7.79,8.6
6.39,6.9
7.18,8.8
6.96,6.4
9.14,9.9
8.53,10.1
5.55,6.0
5.4,7.2
8.83,11.4
6.71,8.3
8.66,10.6
7.69,8.9
6.13,8.3
9.8,13.1
9.77,11.2
7.11,9.7
7.14,10.5
8.51,10.6
6.28,8.3
8.34,10.0
5.19,7.6
6.51,9.4
8.7,11.3
4.22,4.7
8.8,10.5
7.57,10.5
3.66,7.3
6.37,8.1
5.38,6.4
7.94,10.3
6.93,9.8
8.47,11.2
7.71,8.0
7.01,10.3
7.79,8.9
4.58,6.1
8.38,9.7
7.26,8.3
7.87,8.4
8.8,9.1
7.28,10.7
6.39,8.3
5.2,4.4
8.91,11.2
3.93,6.8
6.73,6.8
6.46,8.4
3.9,4.6
5.62,6.5
7.29,8.8
5.17,7.6
7.41,7.9
7.56,7.9
6.18,9.6
3.68,7.4
5.93,8.6
7.46,9.6
5.78,6.5
8.44,10.9
7.3,8.1
7.8,9.8
6.32,8.1
6.34,8.8
7.24,9.8
6.41,10.2
8.7,9.0
6.57,7.9
3.91,7.1
6.7,8.5
6.18,8.0
8.58,10.0
7.96,11.1
6.19,7.4
5.57,8.2
7.01,9.7
6.26,7.2
9.4,11.1
6.57,8.8
7.42,10.1
2.77,5.3
6.71,7.6
6.4,8.4
5.99,7.1
4.65,6.5
5.9,7.6
10.85,14.6
6.63,6.3
3.02,5.4
6.11,7.9
5.97,5.3
8.44,10.1
6.37,7.7
6.75,8.0
7.45,9.7
8.83,11.8
5.5,7.3
5.35,8.5
5.52,6.5
7.36,11.2
6.47,8.7
5.82,7.5
6.22,6.9
8.06,9.2
8.57,10.4
5.91,9.0
9.51,9.3
7.91,9.4
6.3,8.5
7.19,9.5
9.3,11.1
6.64,7.0
8.0,8.8
6.55,9.7
7.66,9.1
7.41,10.1
6.87,8.2
4.87,7.7
5.8,7.3
6.09,7.5
7.65,9.5
6.87,7.2
9.72,12.1
5.95,7.4
6.83,7.2
4.72,7.1
6.24,7.0
6.4,8.8
9.17,10.9
8.17,12.1
6.89,8.9
6.31,7.9
7.15,9.8
5.87,8.1
5.74,8.8
5.04,7.5
5.22,8.2
10.09,11.3
7.7,10.1
5.29,7.8
6.46,10.0
7.89,8.5
5.3,8.6
7.12,8.8
8.91,13.0
5.42,7.5
7.06,8.8
6.79,8.8
7.14,8.1
6.72,9.8
7.59,10.1
8.55,10.1
7.34,8.1
6.41,7.8
5.25,6.1
5.21,7.7
8.98,11.4
3.99,6.3
5.63,9.7
8.87,11.7
7.77,9.3
8.02,10.6
5.72,8.2
9.62,12.4
6.46,8.8
7.65,11.9
7.53,9.4
6.28,8.9
6.61,8.4
6.99,7.6
7.37,8.7
6.11,7.7
8.01,10.1
7.21,11.3
9.06,10.5
7.29,8.9
5.04,8.3
4.66,6.4
10.0,11.5
8.13,9.5
7.06,9.7
7.6,10.1
9.51,12.9
8.09,12.4
11.49,13.0
6.8,10.1
6.45,8.5
7.64,11.2
5.65,8.8
8.73,12.7
7.48,8.9
7.13,9.4
9.24,12.3
7.24,9.1
9.77,11.9
6.3,7.3
6.2,9.3
8.82,9.2
7.05,7.4
6.91,7.6
7.99,9.4
7.76,9.8
8.18,10.3
8.61,8.5
5.03,4.2
5.12,7.3
4.63,5.0
7.45,10.0
8.31,9.8
9.18,12.5
6.19,10.1
7.67,11.3
4.96,7.0
5.19,7.2
6.68,9.5
5.3,6.9
8.11,9.5
8.26,10.8
6.9,9.2
6.18,9.1
9.08,10.9
7.03,9.7
6.95,8.6
5.83,7.6
5.88,6.3
5.77,6.6
7.81,9.1
6.37,8.0
7.82,10.0
7.57,9.3
7.04,7.9
8.99,10.4
7.66,9.6
6.11,8.6
5.42,6.9
9.55,11.0
5.89,8.1
9.31,11.3
6.43,7.2
6.66,9.1
6.28,7.3
8.65,9.4
7.34,9.4
5.15,8.7
5.45,6.4
9.37,12.0
9.33,9.9
5.41,8.8
6.24,9.8
8.69,10.3
6.64,9.6
8.73,10.8
6.69,9.4
8.19,11.0
6.4,8.9
7.29,11.9
5.36,5.9
5.4,8.0
5.96,8.7
7.64,9.7
8.22,8.0
9.64,10.6
6.29,7.4
7.7,10.8
7.12,11.7
6.62,8.1
6.73,9.3
6.83,9.9
6.4,9.1
9.92,11.4
7.17,9.7
6.35,7.6
6.21,7.1
8.51,11.5
6.24,7.9
7.54,9.2
7.65,8.5
7.18,9.9
3.27,5.5
7.18,9.9
7.93,9.2
8.52,9.0
9.52,10.2
4.83,7.3
8.01,10.8
7.67,9.4
5.47,8.2
5.81,8.0
7.07,7.7
5.71,6.6
8.02,8.8
8.22,11.3
7.75,9.9
4.77,5.8
7.75,9.4
5.06,7.8
2.8,5.8
5.82,7.3
5.68,7.4
7.29,11.1
7.84,8.4
7.22,8.3
10.69,12.2
3.82,5.8
9.8,11.2
5.92,8.3
9.83,12.3
5.71,6.6
7.5,9.2
6.83,8.2
6.99,9.3
7.04,7.5
7.27,9.4
9.44,10.5
6.76,9.2
4.69,7.1
7.9,11.6
6.57,8.0
9.22,12.9
7.31,8.9
7.95,8.1
7.96,9.3
6.47,8.0
8.54,9.3
6.96,9.1
6.94,9.5
6.2,8.4
6.85,9.8
9.47,11.2
7.74,8.8
6.91,8.3
8.51,9.0
6.14,8.1
7.59,8.7
7.95,12.1
7.03,7.2
7.37,8.9
6.21,8.2
4.41,6.8
9.18,9.8
4.57,6.0
9.01,10.4
8.89,11.9
8.54,10.9
7.55,9.2
5.73,7.0
7.15,9.0
2.75,5.8
9.2,12.2
8.15,10.9
6.04,7.5
7.12,8.7
7.58,10.8
6.7,8.9
8.94,11.8
7.57,9.3
5.84,7.3
7.77,8.0
9.39,9.3
7.34,9.6
8.83,10.8
5.83,8.2
5.59,8.1
4.46,8.3
9.23,11.3
8.65,10.4
6.74,9.3
8.12,8.1
5.73,8.3
10.64,12.2
5.33,5.8
8.55,10.5
7.9,10.8
8.89,10.3
8.5,9.9
5.69,8.6
5.11,7.1
7.48,11.7
8.92,11.4
7.14,9.5
6.66,7.8
7.41,10.4
4.62,5.0
6.43,8.2
8.23,9.6
5.18,7.7
6.38,6.9
5.14,7.5
7.04,9.4
7.54,7.8
5.66,7.3
9.05,10.8
8.27,11.3
8.16,8.2
7.94,9.5
7.07,6.4
6.19,6.5
6.55,7.8
5.21,8.1
10.43,12.4
9.57,10.5
6.46,8.1
7.59,8.7
6.48,9.2
4.48,4.4
4.25,6.0
6.41,8.0
7.54,10.5
7.83,10.6
7.24,9.9
8.05,9.9
9.92,12.1
4.97,7.3
7.69,10.1
8.07,9.8
7.25,8.0
6.56,10.9
7.49,9.0
5.19,6.7
8.16,9.8
7.65,11.4
8.29,10.9
4.44,6.1
7.86,9.3
6.66,8.4
6.92,7.5
8.49,12.2
7.03,9.9
5.43,8.1
5.17,6.2
7.8,12.1
3.95,4.5
5.92,8.1
7.09,7.5
7.05,7.4
7.14,7.6
8.45,9.7
7.57,9.3
10.38,14.4
8.09,6.8
8.94,10.5
8.16,8.5
4.74,6.2
4.41,4.8
6.04,8.7
7.58,8.3
5.08,7.1
9.27,11.8
7.32,9.0
4.94,6.1
8.03,7.7
4.47,5.9
8.16,10.2
6.38,6.7
6.97,8.1
8.69,10.5
8.96,11.4
6.25,8.4
8.73,9.7
5.23,7.5
8.16,9.7
4.41,6.1
9.3,10.5
5.94,9.1
5.15,7.7
6.43,9.5
5.25,6.6
5.48,9.1
5.13,6.9
6.32,8.1
7.02,6.8
8.85,10.1
6.29,8.1
6.87,8.3
5.82,8.0
7.19,7.5
6.37,8.9
6.03,9.0
9.49,11.0
6.06,6.5
7.99,9.0
6.93,8.5
8.43,9.7
6.86,8.3
8.1,10.4
5.22,8.0
9.24,10.9
6.19,7.6
8.51,8.8
5.64,7.0
6.21,5.6
7.96,10.6
4.5,8.9
7.16,9.7
8.02,11.6
6.24,7.8
10.64,14.6
6.33,8.4
6.31,8.2
6.88,10.3
9.35,11.4
4.94,7.3
4.92,7.6
5.86,7.9
8.54,9.1
5.96,5.8
3.83,4.7
8.05,10.0
5.97,6.8
7.61,11.4
5.8,6.6
9.29,10.9
6.95,8.0
7.64,8.9
5.99,8.9
9.25,11.3
7.76,10.3
8.79,10.7
6.83,10.0
7.02,8.5
7.05,9.4
5.11,7.2
8.02,8.0
7.75,8.7
5.69,9.1
6.16,8.4
4.76,7.7
7.77,10.6
7.12,9.9
8.14,10.4
5.93,8.1
4.54,7.6
6.87,9.5
6.53,7.9
6.92,7.4
4.79,7.3
8.25,11.2
4.62,7.9
5.62,8.1
5.98,9.2
7.82,9.7
2.88,4.6
6.16,5.5
9.14,12.0
6.54,7.6
8.72,11.2
6.86,8.1
10.98,13.3
7.56,8.1
6.59,9.3
3.47,7.1
6.79,8.9
7.23,9.1
6.41,10.3
6.17,7.6
7.62,10.0
9.35,11.5
7.74,8.8
7.81,10.5
7.2,8.3
7.88,11.5
8.92,10.4
7.37,9.8
7.27,7.5
6.49,8.6
7.31,10.4
7.16,8.3
9.23,9.3
8.94,9.7
8.29,9.8
3.05,4.4
7.83,10.0
5.96,7.3
6.47,7.5
5.04,6.8
5.57,7.8
8.6,11.5
7.4,9.0
5.01,8.0
6.76,7.3
6.88,8.7
4.57,6.7
4.79,7.0
5.89,6.8
6.26,7.7
7.89,9.3
6.31,11.4
6.91,9.6
7.21,9.4
9.43,12.4
6.08,8.2
7.16,9.3
9.33,11.2
7.94,9.5
8.48,8.2
7.26,6.8
9.9,11.9
5.83,8.3
6.68,8.7
4.94,9.8
5.57,8.5
7.57,9.1
6.4,9.4
8.39,9.9
4.84,6.4
5.66,6.3
4.05,5.2
6.98,8.1
7.82,9.9
7.11,7.9
6.55,9.4
5.73,7.9
7.64,8.8
8.98,8.8
8.82,12.3
9.33,11.6
7.58,9.4
6.46,8.4
6.77,6.5
7.91,10.6
7.92,9.7
7.77,10.7
5.48,8.2
7.04,9.6
9.13,13.1
10.27,11.5
3.97,5.4
5.92,7.2
6.72,8.7
8.81,12.3
8.57,10.8
4.86,8.1
6.36,8.8
7.57,11.1
8.59,10.8
6.19,9.8
8.81,9.6
8.07,9.4
4.12,6.7
9.04,10.0
5.21,6.7
8.56,9.6
5.76,7.1
5.48,8.9
9.51,13.2
6.54,8.4
5.41,6.3
7.05,9.0
7.09,10.5
9.28,12.8
7.78,8.8
7.94,9.9
6.97,8.8
7.29,10.0
7.63,9.4
5.86,8.7
11.0,11.7
9.13,12.8
8.43,11.9
6.38,9.0
5.45,7.8
5.2,7.9
5.95,8.5
7.96,9.1
7.3,8.5
7.76,10.6
6.23,7.6
7.37,11.2
9.81,12.8
8.26,11.3
8.68,9.3
6.03,7.7
6.72,8.7
8.08,9.8
6.73,8.7
3.58,7.9
7.08,9.9
7.21,9.3
3.71,3.5
10.53,13.4
8.18,10.7
3.95,5.2
7.49,8.3
6.5,8.5
5.77,6.3
7.22,9.6
5.29,5.3
3.88,7.1
7.5,8.9
6.01,8.4
6.13,6.1
9.72,12.2
6.05,6.6
6.37,8.5
6.94,9.6
8.7,10.9
6.24,7.7
10.09,12.2
7.35,8.6
7.43,9.9
5.52,7.2
7.4,8.9
4.93,7.5
6.28,7.6
9.26,9.9
4.74,7.0
4.61,8.0
6.22,9.3
7.99,10.2
7.14,9.7
6.73,9.4
7.64,9.4
5.44,6.9
6.04,8.4
6.97,9.5
5.97,7.2
3.45,5.8
6.59,9.0
7.78,8.6
10.45,11.1
7.32,9.2
6.06,6.8
9.61,10.9
8.57,11.3
6.06,7.5
6.17,9.5
7.67,11.1
6.1,8.7
7.34,10.8
6.96,9.9
6.65,8.0
5.47,7.9
7.28,9.9
4.37,5.2
5.66,7.8
8.14,9.4
7.31,9.3
7.81,10.7
6.13,7.0
5.33,7.3
6.02,6.7
8.77,9.4
6.97,9.8
5.75,5.3
8.61,12.1
5.53,7.7
8.46,10.6
9.38,11.4
7.23,8.9
7.15,9.5
7.57,7.6
8.98,9.6
5.53,9.8
7.76,11.0
7.25,8.6
4.53,6.9
7.96,11.2
7.92,8.3
5.83,7.9
6.58,9.2
8.49,11.5
5.86,7.5
8.99,9.5
7.21,8.0
6.18,8.5
7.6,9.8
8.68,11.9
6.91,8.1
6.43,9.2
5.73,6.6
7.47,8.4
6.83,8.9
8.29,10.7
7.98,10.2
5.34,6.2
6.68,8.8
9.77,11.1
5.75,9.9
6.04,7.1
5.48,6.5
6.59,9.8
5.45,8.1
7.58,9.7
7.59,9.0
7.74,9.1
5.78,8.6
3.69,6.0
6.1,8.4
7.04,10.3
5.52,7.6
5.7,7.1
5.09,7.6
10.34,11.3
7.89,9.5
8.07,9.4
6.73,9.6
6.31,7.7
7.21,8.3
8.4,9.1
7.67,11.2
6.3,9.2
6.06,9.9
7.72,10.2
5.99,7.6
7.26,7.6
7.76,9.0
5.64,6.4
6.21,9.0
7.94,9.9
7.15,7.6
4.68,5.7
9.07,10.8
5.27,6.5
5.0,5.6
7.37,8.8
8.01,10.1
7.94,9.6
5.38,7.9
6.09,9.4
7.09,7.2
7.85,9.9
6.57,9.5
8.39,11.7
7.1,8.8
6.34,7.1
4.17,6.5
5.93,7.6
4.36,6.4
6.82,10.1
7.32,8.5
5.46,7.3
8.42,10.2
7.25,6.9
9.68,11.3
8.15,6.7
8.6,8.6
8.03,9.9
7.96,8.2
7.6,10.1
4.9,4.8
8.19,11.4
6.87,9.1
6.48,8.4
7.35,9.6
6.79,8.8
7.64,9.4
7.79,9.6
5.03,5.9
5.24,9.2
6.8,8.2
8.39,11.1
8.81,10.8
7.34,10.9
2.71,2.4
2.86,4.2
6.38,8.6
7.53,9.2
6.84,7.8
7.84,8.9
5.7,8.0
4.66,6.6
5.3,8.2
6.51,7.5
8.72,10.8
8.75,10.6
6.54,8.6
6.74,7.9
6.84,8.0
6.14,9.9
8.13,9.1
8.34,9.6
7.23,9.4
3.66,6.8
9.65,12.7
8.12,9.4
5.24,7.3
5.34,5.8
6.6,7.3
7.62,10.0
7.47,7.7
4.63,5.7
6.28,8.6
8.33,12.8
5.69,6.4
6.18,7.5
7.76,10.5
5.92,8.3
5.94,7.8
6.74,7.4
7.59,9.6
9.15,12.5
8.27,9.8
6.58,7.1
4.79,7.9
6.22,9.0
8.29,11.4
4.65,6.6
7.72,10.7
8.22,11.1
8.36,8.6
5.56,8.0
6.39,9.5
11.49,13.1
6.24,9.8
6.41,8.7
9.48,11.6
7.37,8.4
9.22,11.8
5.96,6.5
7.81,9.8
6.44,8.7
6.49,7.8
6.7,7.5
9.07,10.8
9.39,12.7
7.7,11.1
10.16,13.0
7.54,10.3
10.9,12.2
8.57,9.2
8.8,11.3
7.83,9.4
8.05,10.9
8.12,9.3
7.81,10.7
7.94,10.2
9.41,12.3
6.6,7.3
6.33,9.5
7.91,10.8
6.41,8.4
9.27,11.0
8.25,11.3
4.84,7.3
4.8,8.1
8.77,10.5
7.78,10.7
5.67,8.1
7.8,9.8
9.06,11.5
5.44,6.9
9.48,12.4
7.55,8.7
6.54,8.2
4.89,7.8
6.46,10.1
8.07,10.3
7.67,8.9
6.53,9.9
7.18,9.5
5.22,6.2
6.42,5.8
5.57,7.6
5.33,6.8
8.55,11.8
5.79,7.2
6.56,7.3
6.17,9.2
10.07,13.0
6.03,8.3
6.76,9.4
6.41,7.9
5.46,6.4
5.71,9.3
7.05,8.7
7.17,6.6
6.97,9.2
8.14,11.5
8.21,11.8
6.42,8.9
8.83,10.8
8.35,10.1
8.94,9.9
7.77,9.4
6.68,10.2
8.89,9.2
6.76,8.3
2.74,4.5
7.4,10.6
7.33,10.4
5.78,8.8
5.39,6.4
6.46,8.2
11.05,13.1
11.54,12.5
6.35,7.7
8.89,11.5
9.29,11.1
7.56,8.5
9.54,13.9
5.57,6.6
6.57,8.4
7.84,8.3
7.73,10.1
5.33,7.3
7.07,7.0
6.24,8.1
3.64,5.3
6.12,8.1
3.74,5.4
5.04,7.2
8.63,10.5
6.97,10.3
5.92,7.2
7.3,7.4
5.68,7.8
8.4,11.0
8.82,10.1
6.14,8.7
4.57,5.1
8.21,9.5
4.27,6.8
4.68,7.8
8.05,11.9
7.83,9.5
6.48,6.8
5.01,8.6
8.87,10.8
6.38,8.6
5.33,7.6
7.49,9.5
6.97,9.5
7.64,9.6
4.9,7.2
9.74,10.5
8.28,10.6
8.43,11.0
5.49,6.6
7.35,7.6
6.96,8.8
6.01,8.2
6.71,8.9
7.36,10.7
6.86,8.8
8.96,11.1
8.33,9.3
6.81,9.0
7.65,9.1
9.59,12.0
9.26,11.6
7.59,9.6
7.36,8.3
5.24,7.7
6.93,11.5
8.49,11.8
5.78,7.9
6.79,9.1
8.56,9.8
4.57,8.4
6.15,6.8
7.34,8.8
5.91,8.6
6.68,7.1
6.73,9.5
7.27,8.9
6.12,9.0
5.81,7.1
6.44,7.8
7.57,10.3
8.2,8.7
7.02,9.2
9.4,11.1
6.66,9.1
10.45,12.8
5.95,9.5
4.45,6.2
8.07,9.1
4.66,6.5
6.6,10.1
5.65,5.3
6.19,9.6
5.88,6.6
9.85,11.6
8.16,10.3
5.68,9.1
3.71,6.0
8.43,10.5
8.12,10.2
7.36,8.4
7.23,10.3
8.62,11.5
5.77,7.7
6.33,6.5
6.17,7.3
7.63,9.7
6.0,9.9
5.77,7.5
5.15,8.0
8.77,11.9
7.37,10.0
8.18,10.5
6.31,7.3
8.83,10.1
5.58,7.2
8.56,10.5
7.23,9.8
7.4,9.5
6.42,9.3
7.02,8.6
8.43,11.6
6.56,9.7
8.6,11.1
4.27,7.6
9.42,9.6
5.94,7.4
9.31,10.8
7.7,10.1
4.62,5.9
6.57,9.3
8.05,9.9
4.31,6.0
8.86,10.2
6.95,8.0
5.33,5.9
6.94,7.7
7.04,10.2
8.37,10.8
8.32,6.0
7.1,9.4
8.4,8.9
5.91,8.8
8.71,11.8
6.69,9.0
5.78,8.2
6.84,8.1
8.25,9.0
6.87,10.5
5.12,7.2
4.6,7.9
5.37,7.5
6.1,10.1
8.11,8.8
8.16,10.9
5.7,8.1
6.55,8.0
5.86,7.9
5.42,6.6
5.36,4.9
6.02,9.1
4.95,5.8
5.75,7.5
8.46,10.8
10.13,10.6
8.23,10.1
8.33,9.0
6.23,9.0
5.85,9.1
6.91,9.1
7.11,9.0
7.05,9.4
4.31,7.8
6.54,8.8
9.16,11.2
7.68,9.7
5.73,6.5
8.9,12.5
7.64,9.4
6.79,8.3
10.19,12.1
5.51,5.9
7.38,10.1
11.47,16.6
9.17,11.0
7.21,8.9
7.2,10.0
6.91,9.2
7.47,9.0
7.33,9.6
3.73,5.4
6.46,8.5
4.92,5.5
9.03,10.8
6.41,9.3
5.98,8.2
7.4,8.9
8.53,11.2
6.61,9.3
5.74,7.1
10.31,13.4
9.05,11.7
8.22,9.0
7.48,9.5
7.24,8.8
6.85,9.3
5.46,7.5
8.03,10.9
6.74,9.0
7.49,10.8
5.9,8.5
9.53,10.8
7.08,10.3
5.49,7.3
6.53,8.9
6.28,9.0
8.13,7.7
6.31,9.8
5.38,8.1
5.24,6.9
4.99,6.8
7.76,9.9
8.63,10.8
7.66,10.2
6.39,7.3
6.85,7.5
6.35,9.0
9.03,10.9
7.71,9.7
7.31,9.8
7.33,9.6
3.07,5.9
9.26,9.5
7.01,8.6
8.58,9.5
5.8,7.9
5.51,6.8
6.49,6.7
5.67,7.7
6.37,8.9
7.92,9.7
6.01,7.7
7.53,9.1
9.72,11.8
7.69,8.8
7.05,8.9
7.26,11.8
3.45,6.3
4.51,7.6
7.14,11.5
4.38,6.5
9.13,11.3
8.42,10.8
6.75,7.8
8.22,10.0
4.86,6.0
8.79,10.1
8.58,10.6
5.58,6.7
7.29,7.5
7.99,9.2
6.33,8.8
8.21,9.2
9.53,10.4
8.39,11.4
4.8,6.8
6.43,8.7
5.86,7.8
7.39,9.6
7.21,9.3
6.35,8.5
7.25,7.9
4.18,4.8
8.05,10.8
6.03,7.8
6.73,7.4
7.3,9.7
8.29,9.0
4.56,7.9
5.74,8.0
8.12,9.9
8.62,11.7
4.85,6.4
5.65,7.6
9.18,11.7
7.42,9.6
6.84,9.6
5.63,7.8
6.49,6.5
8.02,9.9
7.87,12.8
6.87,10.4
7.29,8.8
8.47,12.0
7.22,8.2
6.55,8.1
11.36,13.5
6.34,7.8
5.39,6.9
6.81,9.2
7.31,9.5
5.52,7.6
8.96,10.6
7.36,10.4
5.56,7.5
6.76,7.8
5.72,9.1
4.01,7.0
8.55,12.4
8.18,9.9
8.6,10.9
9.13,11.5
6.86,9.7
7.71,9.5
8.65,10.1
5.84,6.9
6.75,9.6
6.71,9.1
6.31,8.2
7.26,8.1
6.57,8.3
8.66,9.5
5.44,7.6
6.78,10.5
8.55,11.1
9.08,9.2
6.49,8.1
6.65,8.7
6.85,8.5
7.58,9.8
3.36,5.3
6.13,7.6
7.33,7.1
4.66,7.0
5.04,5.6
5.64,8.1
8.03,10.8
6.92,10.4
8.47,11.9
8.1,9.6
7.63,10.7
7.8,11.4
5.04,6.2
10.14,11.7
4.44,7.3
12.23,13.9
5.01,7.4
6.24,7.6
7.04,9.9
6.64,9.0
6.7,9.6
7.58,8.2
9.07,11.3
6.22,8.2
4.83,6.0
9.02,11.3
8.38,9.8
5.63,6.5
7.61,8.5
9.28,11.7
8.79,11.4
6.22,9.8
8.34,10.1
7.97,9.5
7.55,9.3
10.47,13.0
8.92,11.1
8.6,11.8
6.93,10.9
6.9,7.5
6.94,9.4
8.13,9.8
5.36,7.4
4.37,6.3
6.21,9.5
6.38,8.4
5.63,7.1
7.4,9.4
4.81,6.6
9.87,12.1
7.65,10.1
5.47,9.1
9.38,11.3
7.81,9.5
10.48,11.2
6.3,8.1
8.84,11.6
7.23,9.0
8.66,9.8
9.07,12.4
4.67,7.8
6.4,7.9
9.08,11.2
6.76,9.1
7.21,8.0
5.79,7.6
7.94,10.0
7.29,9.6
7.24,8.5
6.51,9.4
6.99,8.4
8.76,11.4
6.07,9.4
6.49,8.6
7.46,8.6
7.49,9.0
7.79,8.7
5.34,7.9
8.4,11.7
7.96,10.9
5.8,7.1
7.98,10.6
8.82,12.1
9.17,9.0
7.93,10.1
6.84,9.6
7.7,10.2
6.81,8.8
7.87,9.0
8.82,11.1
6.26,7.8
5.19,7.6
6.82,11.5
7.0,8.4
9.1,10.0
6.76,9.2
7.36,8.3
7.76,10.3
7.16,10.8
8.64,10.8
7.39,10.7
5.0,7.8
7.0,8.5
7.27,9.2
6.33,8.3
6.61,7.9
5.5,8.3
5.2,6.2
6.07,8.9
6.19,8.5
6.02,10.2
6.8,8.6
6.27,9.9
6.96,9.8
5.84,8.7
8.49,9.6
5.64,8.1
5.18,4.3
8.74,11.1
8.54,11.2
6.23,6.5
7.02,8.7
6.08,6.2
9.41,11.6
8.24,10.9
5.9,9.3
6.83,8.3
7.92,10.7
7.4,8.9
5.5,6.5
5.84,9.0
6.6,8.4
8.41,10.6
7.62,9.3
6.23,7.2
6.28,6.7
6.02,7.1
6.35,9.1
7.85,10.4
9.02,12.7
6.68,9.5
5.82,7.7
8.63,12.1
6.74,7.9
4.88,8.4
9.07,10.2
7.64,9.9
7.71,8.8
5.55,8.0
6.14,7.1
6.38,8.1
7.76,8.4
5.91,8.6
7.33,9.7
4.99,6.0
7.77,12.0
7.64,9.5
8.5,11.9
5.5,6.6
6.36,8.0
5.48,8.1
6.64,8.9
7.82,9.4
7.09,10.5
5.22,8.9
6.49,7.7
6.7,8.5
6.48,7.4
8.45,11.5
6.26,7.7
6.96,8.7
5.38,6.4
6.77,8.9
6.99,7.6
5.69,8.7
8.1,9.9
6.37,8.8
4.86,6.8
8.77,11.0
6.77,9.5
7.61,7.9
5.43,5.9
7.16,7.4
8.08,9.0
8.29,11.8
9.49,11.6
6.92,8.4
9.15,11.7
8.48,9.5
9.0,12.4
7.53,9.9
7.83,9.7
8.92,10.9
6.63,9.5
7.14,8.4
4.41,3.8
9.2,11.0
6.24,9.1
8.41,10.7
8.56,9.2
6.06,8.9
6.07,8.1
9.18,10.6
6.67,8.1
5.02,7.9
8.52,12.0
7.96,9.6
8.94,11.5
8.61,10.2
6.03,7.5
6.64,9.6
6.42,8.2
5.14,7.3
8.66,10.5
8.2,10.4
6.81,10.2
6.2,9.4
5.24,5.2
6.04,8.8
4.61,6.0
7.45,8.7
5.39,6.7
6.38,7.7
7.58,8.6
8.23,10.4
6.76,6.9
9.62,13.1
9.54,12.0
9.15,11.8
4.95,6.4
6.14,8.6
8.25,12.0
4.37,5.7
6.25,8.6
7.48,8.9
6.35,8.5
3.98,4.0
12.22,13.7
5.99,9.1
8.49,11.0
6.16,7.9
5.18,5.4
4.58,6.3
3.91,5.1
10.77,11.8
5.62,7.9
6.51,7.7
7.6,9.4
5.59,6.3
5.77,9.2
5.58,6.9
9.6,12.2
9.84,9.9
9.18,10.7
7.86,11.5
3.44,6.0
6.9,8.6
9.0,11.3
8.21,7.9
6.79,9.2
9.62,10.7
7.34,9.3
8.54,10.7
6.63,8.4
7.75,7.5
7.52,8.4
7.16,7.5
6.53,8.4
8.49,12.0
6.31,8.5
8.53,10.9
6.1,6.4
7.96,10.4
6.23,8.5
6.74,8.5
8.01,9.0
7.05,10.4
9.23,9.4
5.03,7.6
4.44,5.7
7.53,9.6
8.69,11.7
7.54,9.8
7.46,8.2
6.87,8.8
6.43,9.0
10.05,12.3
6.24,7.5
6.22,7.7
5.11,6.0
9.88,11.7
6.29,8.3
7.79,8.7
7.74,9.0
7.96,10.4
8.85,10.6
9.94,13.0
6.22,9.0
8.44,11.1
8.97,10.9
4.13,5.7
5.2,7.5
8.64,9.2
6.77,8.6
6.74,7.8
7.83,9.3
7.36,7.3
7.06,8.5
8.21,9.8
7.99,10.0
6.23,8.6
3.98,6.6
5.9,8.5
7.73,10.7
5.15,8.7
5.35,7.2
6.38,8.1
9.7,12.1
5.87,7.8
9.05,11.7
7.92,10.5
7.6,8.5
7.88,10.1
10.31,12.7
6.77,8.3
5.12,6.3
8.13,9.5
5.6,8.2
4.96,7.5
6.39,8.5
7.06,8.4
4.99,8.1
3.48,6.1
6.36,9.4
7.9,9.8
6.24,10.2
7.04,8.7
9.42,10.5
7.4,10.2
7.01,8.5
9.21,10.7
6.97,7.9
7.6,9.0
5.95,7.4
6.12,6.4
7.01,6.4
7.35,10.0
7.17,8.0
6.06,8.3
8.12,11.3
8.31,12.9
7.89,9.1
9.63,10.5
7.92,9.3
7.16,8.8
6.79,9.8
6.59,9.9
6.58,9.0
7.13,10.4
7.96,8.9
7.32,10.1
6.91,7.5
4.88,6.8
4.38,6.1
10.29,12.3
7.51,9.0
6.25,7.0
7.28,8.1
6.19,8.1
5.56,7.1
3.55,5.1
4.89,7.4
8.17,10.1
8.84,11.1
6.74,10.4
6.07,8.5
6.96,8.2
5.85,8.0
9.15,8.3
8.76,11.0
6.74,9.2
4.59,7.2
4.26,5.1
3.96,5.7
7.96,10.1
5.86,7.5
6.45,8.6
8.56,12.4
6.7,7.9
5.2,6.5
9.65,11.7
8.04,10.9
6.85,8.9
6.18,6.9
4.35,5.6
8.2,8.8
7.39,9.1
8.04,10.1
7.02,9.9
6.09,8.1
8.71,10.4
9.73,12.4
8.04,10.5
6.0,5.9
5.38,7.4
5.11,6.8
7.81,10.7
9.8,12.4
5.52,8.1
5.83,8.4
6.67,8.8
8.76,10.5
7.83,9.7
6.21,9.7
5.58,6.7
7.29,9.8
8.73,10.1
5.82,7.7
6.18,9.1
8.02,9.9
7.68,10.8
8.72,9.7
7.31,9.2
4.14,6.2
6.3,9.9
7.0,8.8
7.92,9.3
9.89,13.5
7.08,6.6
7.62,8.9
5.97,8.6
9.24,10.7
6.87,8.5
7.13,8.7
8.38,10.1
3.85,6.1
5.79,9.4
7.03,8.8
4.57,6.9
6.74,7.3
8.62,11.8
7.8,9.5
5.93,8.3
6.72,7.9
5.87,7.2
9.19,10.8
8.09,10.3
6.55,9.9
9.22,10.7
9.02,10.9
6.81,9.8
5.89,7.4
3.25,5.1
6.17,8.1
6.43,8.1
7.37,7.9
7.42,8.6
7.48,9.0
6.46,8.5
7.91,11.6
10.04,12.4
10.1,11.8
7.37,9.9
9.38,12.0
6.97,7.8
4.79,6.8
5.7,6.5
6.88,8.6
7.25,10.2
8.24,8.4
8.77,9.1
9.14,11.5
4.98,5.6
6.35,7.7
6.3,7.5
6.59,10.1
8.65,11.6
4.6,7.1
6.64,8.4
8.57,10.8
5.19,8.7
6.95,8.8
5.97,8.1
6.06,6.7
7.92,10.1
9.22,9.1
6.36,8.0
7.37,8.6
6.62,8.3
5.94,7.4
4.78,7.6
8.54,9.4
7.3,8.6
8.5,8.7
7.82,9.3
8.0,10.2
6.23,7.6
8.13,11.4
9.98,13.8
8.96,9.9
5.78,7.5
8.44,10.1
3.29,5.7
6.4,10.5
6.28,8.6
5.62,7.4
8.4,12.7
8.3,10.7
5.76,6.9
7.28,10.8
3.27,4.2
5.26,8.3
2.83,5.0
9.18,9.9
7.51,8.4
8.26,10.5
6.93,8.4
7.3,8.5
4.86,7.7
6.83,11.4
4.06,6.3
8.86,11.4
6.01,6.7
7.4,7.9
7.49,8.7
7.62,9.3
7.01,10.4
6.51,8.0
7.03,10.4
5.6,6.9
11.57,12.7
6.96,8.7
7.12,8.4
7.92,9.6
8.08,10.2
7.38,8.6
6.41,9.8
5.57,6.2
7.23,8.9
6.78,8.3
6.18,7.6
8.35,9.8
7.66,9.5
9.1,10.8
7.64,10.6
8.53,12.0
5.26,6.1
4.36,5.9
7.79,8.9
7.41,9.9
9.16,10.6
6.43,8.2
5.81,6.5
10.21,11.4
6.98,8.9
6.12,7.7
5.74,8.3
8.94,10.2
5.76,8.2
8.76,11.2
6.6,9.4
6.61,7.7
7.2,8.9
6.05,8.2
8.81,10.9
7.37,10.1
4.07,6.7
9.74,13.5
7.69,9.9
9.17,10.0
5.94,8.4
6.87,9.3
5.33,7.0
6.53,7.6
3.62,5.9
6.75,9.4
6.59,9.5
5.93,7.6
6.79,9.6
7.11,9.3
5.56,5.8
8.14,10.1
8.54,7.6
4.68,6.8
8.27,9.5
5.58,7.6
6.2,8.6
7.58,9.3
8.7,11.1
5.87,7.5
6.97,7.8
5.87,8.9
3.35,5.7
6.02,6.0
9.33,11.3
5.09,7.0
7.07,9.0
5.61,6.9
4.78,6.8
8.06,9.3
7.66,9.0
8.78,8.9
6.36,7.8
5.8,9.1
7.64,9.9
6.64,8.1
5.78,8.8
5.3,5.8
8.9,12.5
7.02,8.8
6.62,7.6
6.35,9.5
6.96,10.1
7.05,8.7
7.86,10.1
8.24,8.8
8.07,9.6
7.47,10.3
7.27,9.6
5.41,6.4
7.63,9.4
6.97,8.4
7.81,9.3
5.12,7.3
8.31,11.7
7.13,8.2
8.68,9.8
6.47,8.4
5.24,7.8
7.26,9.8
9.74,12.4
6.42,7.8
6.85,10.1
6.84,7.8
5.14,6.0
7.56,11.2
6.21,8.5
7.71,9.0
6.4,8.1
6.32,9.6
6.99,8.5
8.53,11.5
6.05,9.4
5.36,9.0
6.95,10.7
5.53,6.8
4.29,5.7
8.64,12.1
6.8,7.4
8.75,9.6
6.07,7.7
6.92,10.1
5.12,7.9
7.24,9.6
7.92,10.0
6.44,8.5
5.93,8.7
3.18,4.8
7.75,9.6
6.45,9.2
5.95,9.2
7.61,9.7
8.23,10.7
7.13,11.1
4.73,6.3
8.38,10.0
5.56,6.8
9.21,11.4
7.58,11.4
5.32,6.1
4.85,7.5
6.97,8.4
6.13,8.4
6.33,8.3
6.55,8.8
7.44,10.2
7.46,9.0
10.18,12.5
6.79,8.6
6.91,9.8
3.37,7.3
6.93,9.3
4.07,7.7
6.56,9.8
9.38,11.2
3.72,5.6
7.58,9.0
5.73,8.4
6.19,9.7
4.87,7.6
4.26,6.9
7.1,8.7
6.93,8.5
7.78,9.0
7.42,8.8
6.94,7.7
7.36,8.4
6.21,5.7
8.44,10.3
6.25,5.9
6.0,6.9
7.37,11.3
5.78,7.9
5.84,9.1
10.82,13.1
6.17,5.9
8.94,11.0
7.12,10.2
9.24,11.7
5.12,8.7
8.1,10.4
6.4,9.7
7.39,10.6
6.94,9.9
4.9,4.5
6.35,9.1
7.18,9.6
10.33,12.0
8.81,10.3
6.54,7.2
6.55,8.8
7.03,7.9
7.37,8.9
4.89,7.0
7.39,9.8
7.13,11.4
7.51,8.0
5.73,8.4
6.94,8.1
8.22,9.6
6.75,8.0
7.44,8.8
6.5,8.3
7.35,10.0
6.67,7.2
5.77,9.2
7.29,9.7
8.59,10.0
8.06,8.6
5.55,7.9
5.46,6.8
6.96,9.9
8.97,11.0
9.76,11.0
6.96,8.4
6.27,7.7
6.72,8.8
7.29,9.2
8.81,10.7
5.75,8.1
5.72,7.6
6.57,7.5
3.13,4.5
6.06,8.7
9.15,10.1
6.43,6.9
9.4,10.0
5.02,6.8
7.46,9.4
8.72,10.0
6.26,8.2
6.69,9.0
9.78,12.0
6.44,9.0
5.64,8.5
7.25,10.3
7.08,10.8
6.81,8.9
6.41,7.6
6.38,9.3
6.72,9.3
6.81,8.9
7.26,11.5
9.18,10.3
6.83,7.8
7.03,6.0
5.35,8.1
7.51,11.0
5.89,10.3
9.67,9.3
8.28,10.0
9.17,10.8
7.6,9.0
3.7,4.9
7.74,9.5
6.56,8.9
7.77,10.1
8.31,9.9
6.15,7.8
5.65,7.8
8.02,10.8
9.07,11.3
5.0,6.7
8.82,9.5
9.79,13.1
7.4,10.4
6.16,7.9
6.46,6.9
6.13,8.4
9.03,10.8
7.18,8.2
3.02,4.4
7.36,8.9
6.9,9.7
7.67,10.3
5.91,6.2
11.0,13.6
8.32,9.5
6.92,8.8
6.91,9.4
6.84,9.0
5.11,7.9
7.92,10.6
5.26,6.8
7.88,10.0
6.55,7.9
4.51,6.8
7.79,10.9
7.86,10.4
6.88,8.2
4.42,6.7
5.73,6.2
7.16,9.1
6.21,9.1
6.69,8.2
6.72,9.5
5.52,9.6
8.09,11.4
8.42,11.0
8.59,11.2
9.95,13.1
5.0,8.2
6.27,7.9
4.57,7.4
4.96,8.2
4.63,7.6
9.36,12.5
7.42,8.7
8.04,9.5
6.03,7.8
8.45,9.6
8.92,11.2
5.48,6.3
9.53,12.5
6.12,8.2
6.05,8.6
4.26,6.7
7.54,10.2
9.15,9.8
8.63,11.3
8.31,10.3
7.51,11.2
6.46,9.1
7.74,9.5
6.11,7.8
9.88,11.7
7.18,9.7
7.03,9.9
4.76,6.1
7.21,9.0
6.46,9.2
5.57,7.0
7.28,8.9
6.09,7.7
7.59,8.4
9.24,10.7
7.1,7.8
9.35,12.0
5.25,7.4
7.31,8.6
6.6,9.7
8.92,11.7
8.8,10.3
8.13,9.4
7.52,9.4
6.51,7.6
6.26,8.5
7.21,10.0
5.31,6.5
6.41,9.8
5.02,7.8
5.79,8.5
3.68,6.9
1.43,5.1
7.14,8.6
7.76,11.3
6.46,8.0
3.67,5.3
7.87,10.5
4.29,7.1
5.56,8.7
7.11,9.7
7.04,10.1
8.0,11.1
8.45,10.8
5.76,5.8
7.52,9.2
6.64,9.4
4.88,8.5
8.04,9.8
7.28,10.7
6.11,6.7
11.53,12.7
6.97,9.7
7.26,10.0
8.21,9.8
5.57,6.8
6.53,8.6
8.02,10.6
4.96,7.3
6.21,7.7
8.65,12.9
6.81,8.7
6.58,7.9
6.04,9.0
6.36,7.2
4.64,7.0
8.69,11.3
6.66,10.0
8.04,8.9
6.71,8.8
7.35,11.1
7.18,8.8
4.72,6.9
6.09,7.0
7.32,7.9
3.58,7.5
5.54,7.2
7.82,10.2
5.24,8.2
7.48,10.9
7.93,10.1
8.18,10.6
4.96,6.1
6.97,7.7
7.01,11.6
8.0,9.6
7.0,7.6
9.36,11.9
7.28,9.0
10.66,11.9
8.85,10.2
6.68,8.9
6.72,8.5
8.59,12.2
5.12,7.8
9.47,10.7
6.51,8.2
8.52,9.7
6.04,6.7
6.27,9.2
5.85,7.9
4.74,6.3
6.61,8.3
9.37,10.9
5.27,5.5
6.69,9.6
7.76,9.7
4.9,7.0
10.28,12.9
8.45,8.9
8.42,11.3
5.94,8.7
9.11,10.7
5.39,6.7
5.52,8.3
7.02,8.4
5.96,7.8
8.29,10.2
4.16,6.3
7.43,10.2
6.5,8.4
8.47,10.8
7.7,9.4
6.43,8.4
8.44,11.4
8.33,9.4
7.54,10.3
6.37,6.4
3.38,6.9
5.04,6.3
8.3,10.2
5.37,7.8
4.45,6.7
5.93,9.5
6.12,9.2
8.66,9.3
7.01,9.4
8.6,10.9
8.42,9.8
8.98,10.0
8.32,10.8
6.56,8.8
6.55,8.4
6.27,6.1
7.0,9.7
7.07,7.5
5.39,7.8
7.94,11.1
5.2,8.1
4.8,7.6
6.3,10.5
7.1,8.1
7.85,9.3
6.06,6.3
7.56,10.5
7.9,11.7
6.57,9.7
5.88,8.8
8.55,12.4
6.37,8.3
8.56,9.4
10.31,13.3
7.7,8.2
6.75,7.6
7.21,7.9
6.47,9.2
6.2,9.1
5.77,6.0
4.51,4.8
7.37,7.5
6.51,9.0
7.16,9.3
7.22,10.6
7.97,11.0
9.08,10.9
4.0,6.5
4.43,6.6
8.78,10.7
10.53,12.9
6.59,8.3
7.86,9.3
6.89,8.8
6.69,8.9
5.54,9.3
9.19,11.7
8.44,10.3
9.79,12.2
10.18,12.6
6.5,8.7
7.74,9.9
6.37,7.2
6.56,9.4
8.42,10.6
7.77,10.8
5.95,6.6
7.62,8.7
7.76,8.9
5.26,6.9
8.15,10.5
8.06,11.3
8.17,10.5
5.87,8.0
7.97,11.8
8.23,9.9
3.82,6.9
5.97,5.6
8.52,9.9
8.39,9.7
7.93,10.2
4.44,6.3
6.14,7.9
6.23,7.3
8.44,11.3
8.68,10.4
7.09,7.4
4.21,4.6
7.19,8.6
6.87,8.4
6.7,9.3
7.89,11.2
6.6,8.5
7.77,9.9
6.46,8.5
5.89,8.7
8.07,12.8
2.49,5.7
7.05,7.8
8.6,11.0
5.68,9.3
7.58,10.8
7.6,10.3
9.24,10.7
7.02,9.4
8.35,10.6
5.89,6.6
6.84,9.3
7.43,10.3
5.36,8.2
7.86,11.4
6.98,8.3
7.7,9.2
9.81,13.0
7.22,7.3
5.76,8.6
8.39,9.6
5.18,6.2
5.18,6.2
6.88,8.1
8.86,10.4
7.21,9.2
8.59,8.7
5.5,7.1
7.0,8.4
6.58,9.4
7.18,8.3
6.71,8.3
6.97,8.6
8.78,9.3
8.05,10.0
4.53,7.0
5.94,7.4
6.34,8.8
10.14,12.9
6.21,7.7
8.85,10.3
8.01,10.3
9.46,13.0
5.28,8.5
7.81,8.5
7.13,8.8
7.1,10.3
8.63,10.1
6.63,8.8
7.55,8.8
8.73,11.3
6.33,9.7
7.88,9.7
9.44,11.4
7.53,9.9
6.78,8.8
6.71,8.9
6.53,9.2
6.82,9.3
7.4,9.1
6.12,8.3
5.14,6.1
10.2,12.0
5.89,9.6
8.85,10.6
6.02,7.9
3.89,5.6
6.32,8.5
4.44,5.4
4.24,5.1
6.13,9.1
7.59,10.8
9.04,10.3
8.67,11.5
4.56,5.2
5.23,7.0
10.64,12.7
5.43,8.5
6.4,7.5
4.53,6.9
5.85,8.6
6.6,8.1
5.07,6.4
9.17,12.1
7.14,10.2
5.44,5.9
9.2,12.0
7.83,11.1
7.72,8.9
9.67,12.4
6.87,8.3
6.78,7.3
4.04,6.3
6.56,8.8
6.67,7.6
6.61,10.6
8.24,9.4
5.16,8.0
7.71,8.9
8.98,13.9
9.21,12.2
6.34,7.7
6.79,8.5
7.96,10.4
5.86,6.3
6.51,8.4
8.0,8.9
7.77,9.9
6.7,10.0
4.16,6.9
5.69,6.6
3.73,5.3
5.71,8.4
8.83,11.4
5.4,6.9
5.57,7.5
4.15,5.8
7.37,8.8
8.37,10.9
8.3,9.5
8.7,9.8
5.48,7.9
7.71,10.6
4.18,6.7
8.08,10.5
10.02,10.0
7.04,9.1
4.68,7.2
9.26,10.7
3.33,4.4
5.05,7.1
6.62,9.0
9.23,11.2
5.57,7.5
8.37,10.5
7.76,10.1
6.56,8.5
6.21,9.6
7.53,9.4
8.85,10.7
5.95,7.8
5.1,7.8
9.02,9.3
7.23,6.8
6.16,7.5
6.06,7.9
6.0,8.4
5.04,5.7
7.65,9.4
7.69,10.3
7.31,10.2
4.63,5.1
4.12,4.7
5.34,8.0
6.79,8.3
6.74,8.7
7.71,7.1
10.61,13.6
7.88,9.0
4.49,6.4
7.69,9.7
5.33,6.4
5.93,8.2
9.8,12.7
6.33,8.2
5.21,7.4
8.52,12.7
7.59,9.4
5.93,8.0
6.99,8.4
6.7,8.4
6.4,8.6
7.18,8.0
5.99,9.0
5.07,7.8
6.84,9.2
7.92,11.5
9.88,10.2
6.9,9.3
3.75,5.3
5.68,7.6
6.15,8.7
9.11,10.3
8.76,10.6
6.48,7.7
7.42,9.4
8.04,8.8
9.18,11.9
5.86,6.4
9.33,10.2
4.08,7.3
5.09,7.8
6.53,9.4
5.67,8.7
7.39,9.3
7.47,10.7
8.06,11.6
7.56,9.4
8.99,10.6
7.18,10.8
7.02,8.7
8.37,9.8
8.63,10.8
5.81,8.3
8.25,8.2
6.59,6.0
7.17,8.6
7.16,9.8
8.52,10.1
10.84,12.7
5.77,8.3
6.11,8.2
7.02,10.7
7.37,10.6
6.59,9.4
4.54,4.7
7.68,7.8
4.86,5.4
5.12,5.4
7.49,10.1
8.07,9.7
10.01,10.8
5.49,7.3
8.46,11.7
5.5,6.7
7.4,9.6
5.46,6.9
6.42,9.0
6.01,7.4
3.99,5.4
6.15,7.2
6.05,5.5
6.81,8.5
7.04,8.7
9.88,13.5
5.52,7.4
7.01,9.3
7.93,9.7
4.6,6.2
4.69,6.0
3.81,6.4
8.28,10.7
8.44,10.2
3.04,4.3
7.04,9.6
7.09,11.1
7.31,11.4
5.61,7.5
6.59,8.0
8.67,11.6
6.98,9.7
7.1,8.8
7.4,8.2
7.55,11.6
7.93,11.2
5.95,7.4
6.06,8.1
2.87,5.5
7.28,9.7
7.58,7.8
7.16,8.2
7.56,10.0
7.69,11.3
6.98,9.3
7.95,10.6
6.48,7.9
7.43,7.8
5.15,8.1
6.75,8.0
8.44,9.2
7.68,11.0
6.28,10.1
8.07,9.4
7.02,10.7
9.94,11.0
7.8,9.8
4.13,6.2
4.57,5.6
5.55,8.4
9.23,11.3
6.2,6.9
8.17,10.3
5.55,9.3
7.48,10.5
3.89,5.7
6.68,7.1
7.46,8.7
6.2,8.0
7.57,11.2
7.3,7.9
5.75,7.3
7.08,7.4
4.2,4.7
6.78,9.6
5.45,5.4
9.64,9.8
8.82,11.5
7.53,8.3
6.09,9.0
6.69,8.3
9.57,11.8
9.17,10.2
6.57,9.7
6.54,7.9
9.26,11.2
8.85,11.7
5.22,7.2
8.01,9.8
6.89,8.1
8.98,10.0
7.75,8.5
5.22,6.9
5.28,7.6
7.35,9.5
8.51,11.4
7.49,9.5
5.84,7.4
8.35,8.0
4.82,7.7
8.42,11.1
6.41,8.3
6.43,8.7
10.05,11.4
5.3,7.1
5.95,8.3
5.35,7.7
10.23,12.3
7.63,10.0
8.39,10.4
8.4,9.3
5.66,8.8
8.38,10.1
4.64,6.2
8.95,11.9
7.99,9.5
6.83,8.1
9.33,13.5
6.69,11.1
4.63,5.9
6.67,8.7
3.85,5.9
6.38,8.8
8.71,8.9
7.09,10.5
9.72,11.6
7.59,9.3
6.48,9.7
4.89,8.1
7.79,11.1
8.52,11.3
7.84,10.7
6.38,8.1
5.09,7.7
3.36,7.1
9.01,11.2
7.41,11.1
7.52,8.7
7.25,11.1
8.8,9.6
6.37,9.8
6.8,7.9
4.95,7.8
5.26,5.9
6.4,7.9
8.28,10.7
8.02,8.1
8.52,8.9
4.49,5.9
6.24,6.4
7.67,9.1
6.0,8.4
5.1,7.3
8.33,10.3
4.84,7.7
3.45,4.5
5.2,8.0
9.0,11.0
7.5,9.0
6.59,8.6
7.31,11.3
5.6,8.8
7.18,9.0
9.41,11.8
6.61,7.4
7.52,11.1
7.51,8.5
3.88,6.0
5.77,5.6
8.14,9.8
7.07,9.7
7.31,9.9
5.32,8.2
7.42,8.0
7.62,10.2
6.47,9.3
8.87,11.1
2.7,5.7
7.04,8.2
7.71,9.9
6.34,7.3
6.7,8.5
7.09,9.1
4.43,6.3
6.88,9.0
7.81,9.9
8.94,9.8
6.28,7.9
7.03,9.7
7.84,9.9
7.33,8.0
5.09,7.2
7.25,10.2
6.36,8.1
8.59,10.6
9.08,10.9
5.21,4.8
6.2,7.0
7.81,8.5
5.25,7.8
7.92,8.8
9.28,9.8
6.76,8.5
5.92,8.1
8.62,10.5
7.55,9.5
8.23,8.7
9.89,11.0
6.29,8.1
8.03,10.3
6.35,8.4
7.61,9.4
5.7,8.2
6.44,8.9
7.78,9.1
8.86,10.7
6.6,8.1
6.79,7.6
7.19,9.0
5.46,8.7
7.83,9.5
6.45,8.6
9.4,13.3
5.3,10.3
9.18,10.9
7.54,9.3
5.03,6.4
6.65,10.4
9.53,12.6
6.33,7.2
6.81,9.3
10.81,11.9
7.56,8.8
5.46,7.6
4.52,6.3
7.41,8.5
4.86,7.6
6.97,10.5
6.17,9.0
5.64,8.0
7.83,9.5
7.2,9.0
5.88,7.2
6.51,9.5
8.75,11.1
9.1,12.0
6.79,10.1
7.04,10.0
5.08,7.5
7.76,12.2
8.86,12.3
6.02,8.9
4.97,6.8
5.96,9.3
4.88,8.3
7.81,9.0
7.07,9.1
9.43,11.8
10.38,14.3
7.24,9.8
5.94,9.8
6.45,7.9
6.41,6.1
5.5,9.0
6.32,5.7
5.65,6.0
8.64,11.0
7.47,8.3
3.58,4.0
4.99,7.1
4.59,6.8
6.49,7.2
6.86,10.8
6.38,8.8
6.71,10.0
6.08,7.7
6.28,8.5
7.76,8.4
7.63,9.1
7.54,9.7
9.04,11.8
5.77,8.0
8.18,9.2
7.56,11.3
6.99,9.6
4.58,5.6
7.35,9.0
5.97,8.5
8.23,10.5
7.02,9.0
5.71,6.6
8.0,10.1
8.64,12.7
7.77,9.5
8.09,11.0
10.14,13.5
4.91,6.5
6.12,7.6
8.55,11.8
8.22,11.3
7.96,10.3
4.54,5.8
6.89,10.3
8.84,11.8
7.5,9.7
6.94,9.6
8.72,12.7
8.86,11.3
8.4,9.8
7.31,8.2
6.96,8.4
7.39,9.3
4.55,7.3
9.23,10.2
5.64,9.3
7.29,10.3
5.8,9.6
12.32,15.7
7.57,8.4
6.73,8.3
10.1,11.3
6.87,8.9
5.6,7.9
7.74,10.9
7.81,9.7
5.22,7.1
8.16,10.5
10.37,12.6
8.01,10.9
6.73,8.1
5.89,8.3
5.34,6.8
5.15,7.8
6.16,7.2
7.72,8.8
7.24,8.7
5.19,7.7
6.71,8.2
6.58,8.4
7.47,9.5
5.32,7.6
6.96,9.3
7.26,10.1
10.28,11.7
6.47,8.9
4.71,5.7
8.29,12.7
6.45,8.5
7.55,9.9
8.21,9.3
7.66,9.4
6.15,8.7
5.64,9.5
5.7,5.9
6.5,7.7
6.38,7.5
9.17,10.2
10.43,12.9
6.42,9.0
8.03,9.8
5.49,7.8
7.7,8.8
8.62,8.3
6.35,8.6
7.23,10.0
6.24,7.5
9.14,10.9
9.16,11.1
6.97,9.2
7.39,9.9
7.63,11.2
6.64,11.4
7.22,9.3
8.71,9.5
8.33,10.1
7.15,8.6
6.29,7.2
7.35,9.3
7.1,8.8
7.41,9.7
8.01,10.1
6.19,8.2
5.1,8.8
5.73,8.4
7.15,7.4
8.08,10.6
9.85,12.9
9.27,11.3
8.3,9.3
7.73,9.9
11.87,14.2
10.32,12.1
5.27,7.3
8.95,10.6
7.18,7.0
9.55,12.4
5.32,9.0
6.8,8.5
7.09,9.7
8.57,10.0
7.86,10.0
6.27,7.9
7.87,8.8
6.58,7.9
5.86,7.0
8.02,11.1
6.1,7.2
7.67,11.0
6.33,6.5
4.07,5.7
4.37,6.4
6.13,9.1
5.83,8.1
6.21,8.1
4.65,6.8
3.63,6.0
6.8,9.1
6.67,8.5
7.55,9.3
9.38,11.5
9.8,13.3
5.21,7.8
7.35,10.5
7.25,8.4
7.56,9.3
9.23,12.3
5.52,7.0
4.61,6.7
5.51,9.1
6.07,8.6
4.64,7.5
6.22,7.6
5.69,7.3
9.72,12.9
7.04,8.2
4.74,8.6
7.24,7.1
10.09,11.7
4.27,6.4
5.99,9.4
3.84,5.4
7.75,9.1
7.72,8.9
7.78,11.1
7.66,9.0
8.69,9.0
6.89,8.4
6.5,8.0
6.79,7.6
6.7,9.3
6.2,9.6
7.6,9.1
3.71,5.8
3.69,7.0
7.22,10.3
7.91,9.2
5.04,6.9
4.46,7.5
6.5,10.4
5.64,6.9
5.9,5.9
5.89,9.1
5.8,9.1
6.5,7.6
6.53,8.4
7.21,8.9
5.76,7.5
7.06,10.4
4.26,5.9
8.25,12.0
7.55,9.8
8.01,9.3
7.24,8.8
5.04,8.8
7.13,9.8
8.03,11.2
4.4,6.4
4.87,6.5
4.37,7.4
8.72,10.8
8.94,12.5
6.94,9.9
5.61,8.3
6.82,7.8
8.04,10.4
5.37,8.4
7.8,10.9
6.78,7.9
7.63,9.1
6.12,8.1
7.06,9.1
4.18,7.8
6.56,6.4
9.39,9.6
9.23,12.1
8.05,9.9
7.04,8.5
6.36,8.3
8.09,11.4
8.89,10.4
6.84,9.4
7.13,8.4
7.65,7.7
6.37,8.0
5.52,8.1
6.41,7.9
9.51,11.4
8.34,9.7
7.41,8.9
7.77,7.7
6.52,7.7
6.23,7.3
6.3,8.3
9.2,9.9
6.8,6.6
5.58,6.6
8.79,11.3
5.41,6.9
4.96,6.4
7.46,9.9
9.12,11.6
7.57,9.3
9.91,11.3
8.46,10.1
2.87,3.7
6.89,9.2
7.56,9.4
7.57,8.5
6.37,8.6
6.95,10.9
6.34,7.6
8.11,10.4
7.18,9.4
5.42,5.7
8.51,13.3
7.48,8.9
5.82,8.1
9.43,9.7
6.0,6.8
5.43,7.7
4.45,5.5
9.38,10.9
7.93,10.2
8.03,8.8
6.53,10.7
8.91,10.0
7.22,6.0
6.36,9.8
7.97,10.2
5.65,7.2
9.33,10.6
7.37,9.6
8.27,11.7
5.53,8.0
6.23,9.9
6.59,8.4
7.3,8.1
3.87,5.8
6.38,8.1
6.31,8.1
6.48,9.4
8.77,10.3
5.43,8.4
7.9,8.7
4.03,6.6
6.85,8.8
7.3,9.0
6.46,8.1
3.78,6.3
7.12,7.1
5.22,7.7
7.11,9.4
5.71,7.4
4.97,7.0
5.61,9.0
9.64,10.2
6.33,8.3
7.33,10.1
6.03,8.4
5.17,7.3
8.27,10.3
6.62,7.9
9.04,12.0
8.27,12.2
7.88,8.5
7.63,9.8
5.58,7.4
7.01,9.3
7.34,8.8
5.87,8.1
9.26,11.8
5.21,7.1
8.31,10.5
7.85,8.3
8.65,9.7
7.19,10.3
7.07,7.3
4.94,6.8
5.61,8.5
7.88,10.9
10.0,12.7
5.21,6.8
8.53,10.5
4.63,7.4
6.59,7.6
4.85,6.2
6.32,9.6
6.85,9.6
6.03,5.8
6.63,8.1
7.11,9.1
7.17,10.2
7.21,9.4
4.45,8.5
8.63,12.1
8.25,10.2
6.92,7.5
7.24,8.4
5.48,5.9
7.49,10.2
3.47,4.2
9.28,12.0
4.24,5.3
9.14,12.0
7.33,9.7
6.71,9.1
9.24,11.8
6.39,8.4
7.58,10.9
5.19,7.3
5.32,8.5
9.15,12.4
8.46,10.6
6.81,8.8
9.82,10.4
7.48,11.2
6.64,9.3
5.51,7.3
8.41,9.8
7.76,9.4
7.06,8.9
7.8,9.0
7.72,8.7
6.53,8.7
4.41,7.6
5.81,8.5
3.95,6.7
7.39,8.9
6.21,10.8
7.77,11.3
9.79,11.1
5.09,8.1
5.52,8.7
6.24,9.3
4.68,7.0
8.67,10.5
7.38,8.3
7.66,10.1
8.57,11.7
6.6,10.2
6.99,7.4
5.51,9.7
6.36,9.5
5.8,6.2
5.07,8.2
6.27,6.3
8.19,9.7
4.69,6.3
7.29,6.8
8.84,10.2
6.77,8.6
4.62,5.7
3.18,6.4
6.04,9.6
5.98,9.8
8.54,11.7
6.55,8.4
11.46,13.1
6.06,8.6
6.79,8.8
7.32,11.0
9.57,11.7
6.86,9.1
8.65,9.2
9.75,11.2
7.23,9.6
7.32,9.1
5.98,6.6
3.5,5.1
9.21,10.9
8.89,11.1
8.39,13.6
5.24,8.2
6.13,9.1
9.26,12.2
5.23,6.5
8.07,11.9
4.12,7.9
7.68,8.9
7.53,9.4
8.33,11.3
7.75,10.7
6.87,10.2
7.21,8.3
7.12,9.2
7.59,9.7
5.79,7.8
6.09,7.0
8.01,9.1
4.13,6.0
5.98,9.1
7.47,9.8
5.8,8.8
7.04,10.3
5.82,6.8
9.25,11.0
6.6,9.7
8.59,11.0
4.88,7.2
8.98,9.8
6.14,7.7
5.39,6.9
7.31,11.1
10.15,11.9
7.17,11.7
6.4,7.1
8.03,10.2
7.29,9.1
8.61,11.9
7.88,11.1
6.37,7.2
8.01,9.3
9.35,11.9
5.36,8.6
3.89,5.3
9.8,10.8
5.46,6.5
7.15,9.6
6.19,7.3
8.01,12.6
8.12,8.4
4.82,6.2
5.65,8.8
6.94,8.5
6.77,9.6
6.51,7.8
7.26,9.3
7.16,7.3
6.72,9.3
5.49,6.3
7.62,10.8
5.99,8.1
8.59,10.9
4.2,4.5
6.98,6.7
6.4,8.2
8.18,10.8
6.82,10.7
4.64,6.5
4.62,6.8
6.75,9.5
7.42,8.3
7.56,8.4
6.32,8.1
7.71,10.7
7.0,9.1
7.69,9.8
9.57,11.9
8.11,10.3
9.42,12.4
7.9,9.1
7.99,10.5
7.87,10.4
10.89,14.6
7.92,9.7
7.32,10.6
7.3,9.5
4.81,4.7
8.37,10.8
6.86,8.6
7.76,11.0
6.17,10.9
7.47,8.2
9.3,11.1
6.85,10.1
6.84,8.2
5.99,8.7
7.41,8.9
4.34,6.7
7.45,7.1
10.06,11.4
6.35,8.9
6.97,10.0
9.23,8.6
7.54,8.7
9.24,12.5
3.95,5.1
5.09,5.0
4.92,6.2
7.42,9.6
9.85,11.5
6.65,8.1
6.35,7.8
5.67,6.8
7.63,10.8
7.09,8.5
6.19,6.6
9.42,10.1
6.17,8.5
6.14,7.4
7.22,9.1
8.5,12.1
8.04,12.0
3.78,6.4
6.11,7.3
8.37,9.4
6.03,7.6
7.23,8.1
8.5,8.7
8.75,12.0
7.31,7.8
6.53,7.1
7.82,10.4
6.94,9.3
5.23,8.2
8.35,12.3
6.33,9.3
6.38,7.4
6.98,10.2
6.37,9.3
8.79,11.0
7.14,9.8
6.99,8.1
7.49,9.8
6.84,9.5
7.41,7.5
5.03,8.5
7.28,10.7
8.05,9.0
6.72,7.8
10.06,11.1
4.9,7.4
6.41,10.7
6.59,8.5
8.0,10.3
6.03,9.3
4.39,6.3
8.54,12.7
8.16,12.2
5.86,7.0
6.95,8.2
8.09,10.3
6.89,7.9
5.87,7.3
10.56,12.8
4.18,5.8
6.21,7.5
6.72,7.0
4.74,6.3
6.26,9.2
7.42,9.4
7.17,10.7
6.39,7.7
6.09,9.5
7.82,9.7
7.79,7.6
8.71,11.9
6.32,7.9
8.06,11.2
8.93,11.6
5.44,8.5
8.58,11.4
7.0,8.3
6.78,9.9
8.18,10.1
8.28,9.4
7.79,10.7
6.37,7.0
8.25,9.8
8.69,11.2
5.96,9.6
7.59,8.4
7.41,10.0
4.22,5.6
7.06,7.9
5.62,8.5
7.02,9.2
5.22,7.9
10.62,12.5
6.51,8.7
9.01,10.1
6.44,10.0
7.42,10.0
8.59,10.1
8.92,13.2
5.58,6.7
5.54,7.7
9.16,11.8
9.26,12.6
6.74,8.9
7.66,9.5
4.7,6.5
7.98,9.1
3.85,4.4
6.89,9.5
8.94,9.9
6.33,7.3
8.33,8.7
9.74,11.8
6.71,6.7
8.29,9.1
7.13,10.3
6.17,8.1
4.71,6.5
7.95,10.9
7.3,9.1
7.17,9.4
6.54,8.7
9.51,9.7
6.01,7.8
6.31,7.7
8.19,9.9
5.53,7.4
6.9,9.0
10.0,14.1
8.77,10.4
8.44,9.8
6.06,8.7
6.66,8.6
5.89,7.6
7.66,8.9
5.43,8.5
7.34,9.3
8.13,10.3
5.71,7.9
7.29,8.4
6.96,7.8
7.12,10.0
8.11,8.9
9.1,12.0
5.88,8.2
7.34,8.3
8.27,10.1
7.02,8.1
6.34,9.4
7.67,10.1
7.73,10.1
7.19,8.6
7.27,9.0
6.37,9.2
5.99,7.0
5.5,7.9
7.6,9.4
5.11,6.9
7.09,9.0
5.18,8.6
5.95,8.5
7.72,9.5
7.66,9.5
7.47,8.8
8.3,10.7
5.98,8.2
7.62,11.2
5.66,6.7
5.93,8.0
5.34,8.3
6.65,8.8
6.46,8.1
7.41,9.9
5.81,7.8
6.96,10.3
6.21,8.4
6.67,8.6
6.02,7.2
7.4,8.8
6.13,7.9
7.53,8.6
7.79,9.3
7.62,7.3
5.07,6.2
8.15,9.9
7.28,8.5
7.58,9.7
7.53,8.9
7.17,8.9
6.84,8.6
9.62,10.3
6.44,9.6
9.16,12.0
6.79,7.8
7.09,9.2
5.03,7.0
4.87,5.8
5.86,9.7
4.19,6.2
8.16,11.7
7.52,9.5
7.11,8.8
6.04,7.3
9.19,10.6
8.44,9.0
6.93,7.8
5.89,7.4
7.41,9.1
5.79,7.4
9.98,12.1
8.72,11.1
3.85,7.6
5.41,8.3
6.52,7.4
7.87,10.5
5.31,7.6
9.49,11.3
8.81,13.2
9.71,12.1
7.77,10.7
5.29,7.7
5.24,6.4
6.16,8.0
9.18,10.9
7.25,8.3
5.41,6.1
11.73,13.5
8.62,11.6
5.94,6.5
7.43,8.2
8.86,11.5
9.0,11.2
6.84,7.5
6.35,8.0
5.88,8.4
7.68,9.7
4.72,5.5
4.73,8.1
7.06,6.9
6.62,8.9
7.8,9.8
7.56,10.0
10.2,14.1
6.63,9.1
8.18,10.9
4.28,5.8
5.66,6.9
9.46,11.5
7.57,9.0
7.08,10.5
7.0,8.9
7.71,9.4
7.82,10.7
7.55,8.2
5.78,8.6
7.68,10.5
7.71,9.7
9.17,10.6
6.84,10.2
7.33,11.7
9.0,9.1
8.41,9.8
5.25,7.1
7.28,11.6
5.23,7.8
7.66,9.8
6.28,8.8
4.4,7.2
7.9,8.8
4.69,4.4
7.23,8.5
6.58,8.6
5.16,8.2
8.21,9.8
7.34,10.0
5.96,6.9
6.98,8.8
5.23,7.7
5.52,5.3
8.51,11.5
8.18,11.0
8.87,10.0
6.84,7.3
8.08,9.4
4.67,6.9
6.66,7.2
7.43,9.7
7.78,10.0
6.73,9.4
6.28,7.9
7.63,10.2
5.8,7.4
9.03,10.2
6.66,6.8
6.98,7.9
9.52,10.2
8.79,12.9
6.06,7.4
9.63,12.3
4.82,5.5
8.0,9.8
7.7,9.3
8.37,9.7
7.57,9.6
9.68,10.5
7.76,9.5
5.66,9.5
8.67,9.2
8.82,10.2
6.55,7.6
7.46,8.5
5.17,7.0
7.75,10.0
6.31,8.3
7.73,8.5
3.72,5.2
7.65,10.0
4.49,6.2
8.34,9.9
5.86,7.6
5.46,7.8
9.3,12.4
6.97,9.0
6.97,8.3
4.63,6.4
8.99,10.2
7.28,9.1
6.28,8.3
7.73,10.2
8.3,11.9
6.97,9.0
6.04,9.1
9.66,13.1
6.45,9.3
7.38,10.9
6.46,8.3
8.07,7.8
6.71,8.0
10.39,12.1
8.81,11.2
5.74,8.6
7.39,7.3
10.0,10.8
5.57,6.5
9.16,10.3
8.73,11.9
5.78,7.9
7.49,10.1
6.12,9.1
6.98,9.6
4.77,6.5
6.19,10.1
6.39,9.1
7.6,10.5
7.07,8.0
6.26,8.7
5.68,8.3
5.8,7.6
7.89,9.8
7.89,11.9
4.74,5.8
7.75,11.1
7.64,7.3
6.07,8.9
5.58,7.1
5.94,7.7
8.09,10.1
6.5,8.7
8.66,11.0
6.55,8.3
5.37,9.5
6.0,7.2
4.8,8.4
5.12,7.0
6.36,8.4
8.67,10.5
6.06,8.1
4.23,6.4
7.44,7.4
10.07,12.8
8.12,9.1
5.02,5.2
7.44,9.5
5.04,7.0
8.01,10.3
5.28,7.0
6.92,9.7
9.61,10.3
6.91,11.5
5.7,9.0
6.77,8.4
8.17,11.2
9.17,11.4
7.8,9.0
6.31,6.8
7.62,7.7
9.18,11.4
5.64,8.5
5.99,9.5
6.35,7.6
6.44,8.8
6.97,8.3
7.49,10.3
5.57,7.2
8.79,12.7
9.17,11.8
4.5,8.0
8.22,9.4
6.77,8.0
6.76,6.9
6.08,8.0
7.5,8.8
9.71,11.1
8.4,10.1
6.47,8.9
8.95,11.3
2.93,4.3
7.45,9.8
4.61,6.6
7.39,9.2
6.68,8.0
5.54,6.4
8.05,10.8
3.64,6.0
5.94,7.5
9.31,12.5
8.8,11.7
5.97,7.7
4.4,7.0
6.98,10.2
3.61,3.9
6.82,8.9
7.07,9.9
8.11,8.5
6.68,8.9
5.94,8.3
5.03,8.7
7.53,11.4
9.52,12.2
6.42,9.6
9.49,11.1
5.1,7.2
6.11,7.4
7.09,10.4
8.8,10.9
9.12,13.1
8.19,9.5
7.86,9.9
6.99,9.9
6.73,10.2
6.92,11.3
7.84,10.8
8.28,10.5
5.97,9.1
7.42,10.4
4.99,5.7
9.75,9.3
5.69,8.3
10.64,12.1
7.1,9.5
8.32,11.1
7.96,10.1
6.79,9.0
5.89,6.5
7.96,11.6
7.54,8.8
7.88,12.4
7.39,9.7
5.44,6.5
7.24,8.5
6.73,8.7
5.11,6.4
4.29,4.9
7.76,10.1
4.29,7.1
7.93,9.2
4.51,7.0
6.88,7.4
5.27,7.4
7.53,10.2
5.72,6.9
6.67,6.8
6.37,9.3
7.98,9.3
6.77,9.3
6.6,7.1
7.53,8.3
8.59,11.6
8.64,11.6
10.22,13.1
4.63,5.9
8.36,10.2
6.66,9.2
8.95,11.0
5.94,5.9
7.12,7.5
6.01,7.4
7.13,10.6
6.11,8.9
6.49,8.2
6.89,9.2
6.02,6.0
8.09,9.0
5.78,6.6
8.74,9.7
2.19,3.2
5.84,8.1
8.44,8.7
5.14,6.7
5.76,5.2
8.69,10.5
7.63,9.1
5.59,5.5
4.53,5.9
8.44,10.9
6.27,8.2
7.48,8.2
7.9,10.8
9.99,10.1
8.07,9.8
6.18,8.2
7.39,10.8
7.03,8.5
8.5,10.5
7.08,10.3
9.06,11.9
4.43,6.0
7.59,9.9
8.19,11.4
5.49,7.8
6.97,7.4
7.02,10.4
7.1,7.4
10.68,12.9
7.38,8.5
7.13,8.2
9.31,10.3
6.73,8.2
6.83,8.4
7.29,9.2
6.47,8.1
5.2,7.8
10.04,10.1
5.94,7.1
9.23,12.1
4.72,7.1
4.0,6.8
5.12,8.4
7.57,9.2
7.75,9.5
6.27,7.4
6.24,6.6
4.08,4.4
3.83,6.6
8.77,9.5
6.01,8.2
7.61,10.8
8.08,9.3
5.66,7.6
6.38,8.9
5.77,7.3
9.86,11.5
7.79,10.4
4.65,7.2
7.06,8.4
8.48,10.3
4.99,7.1
6.07,7.9
8.16,10.0
7.9,9.6
5.81,8.5
7.75,8.5
5.57,7.7
10.81,13.5
7.99,10.0
7.66,9.8
8.05,9.1
5.6,7.0
7.2,9.3
8.53,11.6
6.94,9.5
7.2,9.5
6.76,8.8
6.31,7.8
7.63,11.4
7.57,9.9
8.49,11.0
4.88,6.4
4.5,6.4
8.3,9.2
6.35,6.4
5.99,8.6
9.21,11.5
5.45,7.2
7.56,9.1
8.99,10.8
4.31,5.4
4.81,4.7
6.34,8.5
8.04,9.5
6.32,8.5
5.53,7.0
4.98,7.1
5.59,9.4
3.83,6.3
6.34,8.6
9.16,10.3
9.22,12.2
8.21,10.8
7.25,10.2
6.84,8.7
6.92,8.1
8.71,11.7
6.65,8.9
9.02,11.0
4.18,6.3
5.89,7.9
10.03,10.5
8.31,9.7
7.4,10.9
9.09,11.2
4.96,8.8
6.03,8.1
5.23,7.1
7.39,10.4
7.55,11.4
6.55,7.7
8.07,8.8
7.06,9.2
6.18,11.6
7.37,8.5
6.93,10.8
8.56,11.9
8.57,10.1
5.77,7.4
4.96,6.3
7.9,10.5
